Event_ID,Department,Initiative_ID,Success_Rate,Implementation_Time,Employee_Engagement,Cost
1,IT,6,0.6572840460604639,2,66,22977
2,HR,1722,0.6523924246181394,6,76,30133
3,HR,1445,0.8365292906271846,2,56,25908
4,Finance,1220,0.9999025862164208,11,71,19580
5,Finance,1858,0.6112816056700738,7,62,15180
6,HR,1274,0.7523758962456656,2,84,25993
7,IT,992,0.8211365644115918,3,54,21100
8,Finance,41,0.7447724884265264,7,62,33933
9,Marketing,393,0.6278022726926237,6,62,48008
10,Marketing,868,0.8967968573381322,2,60,44379
11,Marketing,374,0.6826427547104981,2,91,20612
12,Marketing,1463,0.9626378624735215,1,98,38571
13,HR,222,0.7027166191545029,3,71,37756
14,Marketing,1163,0.720498851370615,9,82,45317
15,HR,826,0.6831401235197034,4,72,35347
16,Finance,1431,0.916144141623199,3,58,28853
17,Finance,1327,0.5332992091554015,1,51,8542
18,Sales,1749,0.9607668153561539,6,86,9283
19,Sales,393,0.5278280215154998,10,86,32183
20,Finance,102,0.7262604229831353,6,91,29424
21,Sales,539,0.6486282465812874,3,53,19550
22,HR,1642,0.5592103063650391,2,72,20154
23,IT,1668,0.6910482842316875,10,54,20314
24,Sales,910,0.5393061206206831,8,66,17655
25,HR,418,0.9951829274312403,5,60,23864
26,Marketing,1723,0.6789445761072816,7,93,47747
27,Marketing,1772,0.5759869673249468,3,65,29888
28,Marketing,1798,0.6386844982432105,2,74,20328
29,HR,689,0.670924041530315,10,61,11700
30,HR,1367,0.9358865977952979,11,91,23302
31,IT,1808,0.5525242334959906,4,97,22320
32,IT,555,0.8417664478011823,8,70,33014
33,IT,670,0.6029234322278534,3,57,9852
34,IT,279,0.7553505256811412,8,96,48659
35,Finance,669,0.8184043076182984,3,57,38367
36,Sales,1410,0.8156313145258447,11,87,7563
37,Sales,89,0.8711508041331644,8,58,15050
38,Marketing,1991,0.7604144560092623,1,78,44071
39,HR,1122,0.5363246691931121,10,80,34489
40,IT,127,0.6773515904171281,10,61,25957
41,Sales,1806,0.6571172895851345,1,79,23348
42,HR,1750,0.5654103383802945,8,96,21481
43,Sales,1941,0.6342915775609858,4,59,47093
44,Marketing,899,0.7979276345249202,5,96,8050
45,HR,478,0.8114729216647878,11,77,31021
46,IT,444,0.7596445852773583,6,64,49519
47,Finance,1641,0.9051688035088186,1,86,42838
48,Sales,1218,0.6622430713880479,4,83,27752
49,HR,1722,0.893853010093798,9,82,17766
50,IT,19,0.839841923802465,4,66,28800
51,Finance,1408,0.7769058037776204,10,88,24820
52,HR,1910,0.8412277779473156,3,55,9669
53,Sales,46,0.7548836468593645,4,86,6927
54,Marketing,1580,0.9655371062085714,10,83,29577
55,Sales,1260,0.922938196568936,5,50,12809
56,HR,1125,0.8085475443376389,10,54,15625
57,HR,420,0.518017278402255,4,84,43409
58,Finance,815,0.8865973152145921,2,82,33741
59,HR,1351,0.8025836735733223,11,71,46629
60,Marketing,1106,0.6071602945513823,11,74,31799
61,IT,1369,0.8876306990038466,5,65,15887
62,Sales,876,0.5990450322429143,11,52,39365
63,Finance,1088,0.5636004705900954,1,69,48349
64,HR,1248,0.7171802099279438,1,80,46420
65,IT,1540,0.5943543688183496,10,56,29639
66,Finance,1993,0.6343064295815402,10,86,19345
67,Sales,1634,0.697894786288274,1,93,47812
68,Finance,1098,0.5972207096798443,5,61,6631
69,Finance,635,0.7062838989210481,2,99,18630
70,HR,1307,0.7781537919966891,4,80,11213
71,Finance,1904,0.9972002883595887,6,93,31678
72,IT,1263,0.5280755871138663,1,81,31503
73,Sales,55,0.7374553243748709,10,91,10571
74,Marketing,1016,0.9566445571684057,2,66,19621
75,Finance,691,0.7883361147067457,11,82,49136
76,IT,1529,0.9783989027453457,8,75,46566
77,IT,72,0.7119055923445592,5,56,37159
78,HR,430,0.931395919811715,11,83,41626
79,IT,611,0.7071158596149251,9,87,17897
80,IT,1293,0.9826441424889283,10,77,29078
81,HR,401,0.7427270985104315,9,74,5285
82,Marketing,1054,0.9730890651582835,9,70,11007
83,HR,911,0.6171645397813506,8,62,39094
84,IT,1234,0.5693589020229067,11,74,44586
85,Sales,472,0.7915348672211823,5,77,34629
86,Sales,124,0.9017072685265268,8,50,23306
87,Sales,1202,0.7633223581687889,4,80,34953
88,Marketing,578,0.8517762632283927,10,88,29930
89,HR,1520,0.7553869217053086,5,74,42171
90,Sales,847,0.7043629562566153,4,73,36494
91,Sales,1885,0.8990680258089239,3,64,9420
92,Sales,190,0.8338152684814752,11,70,33169
93,Marketing,1220,0.9572793562026418,8,73,7158
94,Sales,963,0.780339425523685,10,80,43166
95,IT,1225,0.9092076408176544,5,96,27686
96,Finance,1319,0.7394158125732204,10,82,16316
97,Sales,1456,0.8892181599121471,4,62,38121
98,Sales,1421,0.9603084009301595,4,78,19053
99,Finance,1753,0.8562207300111068,9,68,38807
100,Finance,1465,0.7160666888323676,4,87,25157
101,Marketing,238,0.5464275002119349,7,72,20671
102,Sales,183,0.8107897188239646,7,81,34869
103,Sales,633,0.500540412961435,4,75,18615
104,Sales,628,0.9125019472466287,4,87,13086
105,Sales,978,0.6653955749172387,1,67,11407
106,IT,758,0.9973609353680892,9,71,28796
107,IT,1465,0.7003042177690542,3,62,16299
108,Finance,881,0.9601061830081437,7,69,27858
109,IT,1210,0.6518427241485909,5,53,23447
110,Marketing,441,0.8231275748299651,2,79,42224
111,Marketing,413,0.927689715737146,9,82,25717
112,Sales,910,0.6900467600754823,3,53,14334
113,Finance,317,0.999405707432759,5,99,15252
114,IT,1674,0.5838865957866968,7,52,39788
115,IT,640,0.8631911756927728,6,63,25978
116,Sales,1143,0.5658337423774735,4,80,33617
117,HR,1091,0.9804840594187345,4,91,10148
118,Finance,1253,0.8367158015707885,3,93,22290
119,IT,475,0.8980612420722208,1,95,16262
120,Finance,224,0.8731211986590202,8,72,35951
121,Sales,41,0.5693178454451895,1,93,5638
122,Finance,1759,0.9677458651130217,6,81,18022
123,Sales,536,0.6345600932977198,5,56,18487
124,Finance,1357,0.5621748776767879,1,71,43849
125,Sales,1172,0.7285246740299816,1,89,20267
126,Sales,701,0.646382363177016,5,54,39627
127,Finance,367,0.994678586862368,9,69,23981
128,Marketing,711,0.9821670369581985,10,55,19303
129,HR,670,0.6896431562691887,2,76,32736
130,Marketing,617,0.648258339837774,2,89,49270
131,HR,124,0.5416033482914446,4,98,10322
132,Sales,463,0.6135936598699119,2,85,44110
133,IT,1172,0.5547642136028617,6,69,37566
134,Marketing,261,0.7201110421345001,10,53,15118
135,IT,1303,0.9261098753926318,9,70,12083
136,Marketing,248,0.7217272294731092,9,53,19577
137,Finance,519,0.9653884885732479,7,93,47816
138,IT,161,0.8320339306677687,2,99,11687
139,Finance,664,0.7224399360394489,7,65,42593
140,Marketing,1916,0.8368090301436699,3,54,8857
141,Marketing,1419,0.5152008310398635,11,59,17083
142,Sales,1619,0.5435885313871669,7,91,37261
143,Marketing,831,0.66039828123941,9,55,30645
144,Marketing,1079,0.7585602390427187,9,71,6846
145,Sales,874,0.5282370337480209,3,56,33936
146,IT,368,0.6598546121330588,7,85,32920
147,Marketing,88,0.7458056047904925,8,96,37658
148,IT,657,0.5807394214429553,1,92,15441
149,Finance,1760,0.6340892025814664,2,94,40315
150,Marketing,460,0.9973560554296381,6,88,14468
151,Marketing,541,0.6675417791796483,9,72,16025
152,Finance,1001,0.649903741616823,11,87,39922
153,Sales,233,0.5793763666445846,5,63,8775
154,Finance,1510,0.857215712394747,6,81,19711
155,Marketing,1727,0.6139057405797739,4,73,45477
156,HR,1036,0.8001019792310615,5,71,29611
157,IT,1135,0.6473265402872461,4,63,45724
158,Finance,258,0.6640549563003664,9,84,30888
159,Marketing,384,0.646445098809374,6,70,42471
160,Finance,210,0.5587117698729057,11,52,9017
161,IT,902,0.5784204077611368,9,51,27950
162,Sales,1249,0.8461459344388671,10,59,15839
163,HR,776,0.5709103179163393,9,59,28472
164,Marketing,732,0.7482831989981139,3,69,25841
165,Marketing,1347,0.7450783486513692,1,81,22254
166,Finance,677,0.5004542562126949,9,50,18383
167,Finance,298,0.9907484510146867,11,63,12448
168,HR,350,0.9534182138071249,9,74,27523
169,Finance,1744,0.7395336101468053,3,55,22212
170,HR,1145,0.6983622042552904,11,90,23253
171,Sales,505,0.5259394585301846,8,90,43102
172,Finance,1278,0.7376489764710337,3,51,44621
173,Finance,968,0.8034407759300093,8,53,42963
174,IT,171,0.8042742648463486,6,97,41317
175,Finance,349,0.6285810981442234,5,51,45951
176,HR,761,0.6673120939969848,7,51,43855
177,HR,1373,0.5837836433516129,10,65,33983
178,Finance,746,0.9878748375375382,6,73,45121
179,Marketing,1832,0.8494514635592969,11,73,45002
180,IT,1444,0.9428649759085116,9,82,28168
181,Marketing,71,0.53242132194843,1,90,13481
182,Finance,560,0.7396082530524193,9,85,38492
183,Marketing,867,0.506794939125407,8,68,34588
184,HR,1531,0.849047772841537,4,51,12597
185,Marketing,94,0.7036356651722488,1,78,6650
186,Sales,1466,0.9138167792357658,10,63,17149
187,HR,1377,0.918355137036414,8,89,43193
188,HR,1386,0.875504478494276,7,67,30704
189,Marketing,419,0.9118883913760044,5,56,15183
190,HR,385,0.8728685251116487,11,98,38025
191,Sales,1225,0.8747785846861688,9,59,49093
192,Marketing,710,0.5778404821127495,3,91,32513
193,Finance,795,0.6911111401308553,5,51,15062
194,HR,257,0.8622848096020725,1,99,32682
195,HR,201,0.5763070182541816,1,74,41633
196,Marketing,68,0.9628217871669675,11,89,9321
197,IT,1611,0.9851777060507874,8,73,48702
198,Sales,306,0.6890542396967803,9,79,11086
199,Finance,1950,0.9760647459671425,8,52,27492
200,HR,1790,0.6590741010992314,4,80,48145
201,Finance,827,0.9984671565211001,9,84,7093
202,IT,455,0.8816938125048235,2,94,5532
203,Finance,160,0.7815735141703042,3,69,38733
204,Marketing,1890,0.8071316762302168,4,55,40948
205,HR,756,0.926848525857626,7,50,38959
206,Marketing,1831,0.6544175254797144,7,99,39699
207,Marketing,1572,0.8527070642720318,2,80,38176
208,Sales,738,0.7827280458626291,2,50,38986
209,Finance,1351,0.5806549312463009,9,90,27449
210,Marketing,724,0.9998370507051124,4,76,47989
211,Sales,126,0.7685471390674682,5,53,10881
212,HR,957,0.8875031305642885,7,50,27190
213,IT,852,0.8596296009180118,10,67,31950
214,Sales,58,0.6699750018017949,5,78,28962
215,Finance,1892,0.8804991737313188,7,89,13502
216,Marketing,1759,0.8424988387616339,10,55,46454
217,IT,1265,0.5360766528960084,6,72,27758
218,Finance,1126,0.6294226446115158,2,70,43153
219,Marketing,1644,0.7053266982849551,6,84,38782
220,Marketing,753,0.8660586477554757,8,57,12046
221,Sales,643,0.8400142997645064,5,96,44949
222,Finance,1109,0.5978399595983808,2,50,21632
223,Marketing,1706,0.9118697295922522,5,66,10511
224,Sales,54,0.6479053924356302,6,91,16606
225,Finance,820,0.7846325879203397,2,62,31847
226,Finance,119,0.6742824248275178,5,65,8202
227,Finance,749,0.6287380291803033,3,67,12022
228,Marketing,1624,0.507680865638378,5,56,11739
229,Sales,1022,0.6849144808448676,1,82,43743
230,Sales,1009,0.8209116051422762,5,50,17698
231,Marketing,123,0.5273368914467609,5,68,16228
232,HR,1408,0.9510831528254872,1,61,7906
233,Finance,423,0.5076225553806439,7,50,30627
234,HR,1663,0.616934013708927,3,56,48006
235,Finance,1149,0.6840024516541199,7,56,32600
236,Sales,942,0.7304315894901116,9,52,37358
237,HR,185,0.7032629006116803,2,68,43596
238,HR,825,0.8096351566808193,11,52,23353
239,Finance,529,0.9981990717491952,8,75,11769
240,IT,1523,0.8887688405783285,5,63,25657
241,Marketing,137,0.5153279416117809,3,65,9697
242,Sales,735,0.8494181194382899,4,55,31999
243,Finance,814,0.9438581145649556,6,52,29446
244,Sales,1794,0.6292567573058689,11,72,23141
245,IT,333,0.7942669536325533,10,95,46550
246,Sales,413,0.7269903943962437,4,67,39612
247,IT,1539,0.9227928998762072,11,61,32320
248,Sales,1046,0.9587538583235087,11,75,33597
249,Marketing,1786,0.5834936490656737,9,93,12116
250,HR,648,0.6491798982528567,7,79,39831
251,IT,1314,0.805884160597041,5,77,42671
252,Finance,1033,0.6947386393406562,4,50,18516
253,Marketing,1188,0.9832498535246486,4,83,48536
254,Sales,695,0.6305706456949306,1,74,7679
255,Marketing,1323,0.8233270744510028,9,68,26680
256,Marketing,772,0.6536460695975252,2,98,21138
257,Marketing,688,0.6342320547499518,2,78,36179
258,Marketing,1042,0.8855878222939026,1,79,35143
259,Marketing,830,0.6342517862540671,7,79,43865
260,Sales,1204,0.5078019448814264,1,74,40662
261,HR,301,0.8678294326222944,1,89,24489
262,Finance,1751,0.6296077610888555,9,51,20343
263,IT,1275,0.6576089932653408,7,79,35583
264,IT,1404,0.7634774255084049,6,95,11433
265,HR,1634,0.7955097291417665,8,51,36942
266,IT,1567,0.6868489333948764,2,50,38828
267,Finance,1419,0.6924255276257972,8,72,22479
268,Marketing,1003,0.6295793093751829,11,91,32731
269,Finance,357,0.6175227365381626,10,81,24437
270,Sales,816,0.8533834519727196,7,90,37143
271,IT,1525,0.7813018661353713,9,62,17689
272,Marketing,1714,0.6297508464880839,3,64,42576
273,Sales,290,0.5245205520965548,6,65,28109
274,Marketing,1693,0.727333464864798,5,77,9049
275,HR,402,0.6863955926517862,10,90,28064
276,HR,1378,0.5159792707863051,11,69,32081
277,Sales,1353,0.5270379724259548,5,74,39122
278,HR,766,0.9674839540463163,10,62,14451
279,HR,120,0.6604423564165927,9,70,49272
280,Finance,1347,0.6697676486422939,9,62,30468
281,Finance,1763,0.6818051245893899,3,67,25142
282,Sales,1045,0.7207087037826223,2,74,10520
283,Marketing,46,0.565617472912375,10,71,35597
284,IT,752,0.7159034253611336,8,81,46669
285,HR,421,0.7690012990117481,11,78,12746
286,HR,760,0.6374010816184958,8,77,28663
287,HR,1677,0.7745426563777507,9,94,24895
288,HR,1838,0.5806841666824785,8,82,10672
289,Finance,1709,0.9756851285312329,1,60,25159
290,Sales,1445,0.5672700191268689,7,80,11164
291,HR,1122,0.7691621303920788,6,99,28286
292,Finance,392,0.7274198843431989,8,54,42034
293,IT,1216,0.6167633514036002,6,93,7773
294,Sales,1374,0.8313036050707294,6,53,13816
295,HR,1365,0.8679820061411538,6,60,19440
296,Sales,268,0.5392808184093858,7,98,41972
297,IT,1104,0.9546695933287858,2,88,14993
298,Sales,893,0.7270091261046236,5,70,26046
299,Finance,1605,0.6902337181976175,9,91,16753
300,Marketing,173,0.6240841323555162,5,68,49240
301,Finance,1608,0.9608560705475498,6,84,43119
302,Finance,671,0.7189246745239481,3,66,12391
303,IT,359,0.9852551570712846,6,89,24043
304,Sales,1688,0.7941863979909087,1,65,38163
305,Finance,529,0.7666562657031311,11,86,14032
306,IT,1584,0.8920311458457462,9,60,22968
307,Sales,1779,0.9733948784610553,5,96,49255
308,Marketing,1618,0.623087805962435,8,70,9279
309,Finance,742,0.7812263433418523,2,80,41386
310,Marketing,1070,0.5664801927928927,2,94,49864
311,IT,1281,0.8507480526668482,6,91,8585
312,Finance,1668,0.8919315217228379,6,59,47780
313,IT,585,0.6838869777500437,4,64,27339
314,IT,262,0.6080674648619011,5,71,48610
315,Sales,1776,0.6742942220499795,6,81,24947
316,Marketing,572,0.6315613794889017,11,61,38949
317,IT,1798,0.6331383707401617,11,57,28924
318,IT,108,0.5806852790299845,8,92,38221
319,HR,1020,0.8160369223184191,6,59,6948
320,IT,499,0.8665515847767254,9,67,34198
321,IT,980,0.9868964008461651,4,53,17336
322,HR,298,0.8361124172465602,1,54,43274
323,IT,994,0.6610731820045704,4,72,11102
324,Marketing,794,0.6764321880178232,10,52,33594
325,Finance,1757,0.923537654506555,9,54,35254
326,HR,1721,0.9746017948424128,9,60,40260
327,Finance,760,0.5495496000721178,5,95,11707
328,HR,635,0.602135856605087,9,73,42444
329,HR,1143,0.9675553042879397,10,80,31835
330,Sales,1007,0.9836751257288887,10,86,42200
331,Marketing,778,0.959654696576125,8,62,35785
332,Sales,1969,0.890312545516754,8,68,25027
333,IT,813,0.676322206855113,8,81,37766
334,Finance,749,0.7471860202577377,7,75,40923
335,IT,1287,0.8179948867490568,8,52,6280
336,HR,1218,0.6285388285015783,1,92,35580
337,IT,160,0.8771161745791842,10,58,17879
338,Marketing,1576,0.9011757980224222,6,89,13078
339,HR,1832,0.8498556604916174,8,94,33675
340,IT,1264,0.8706600550325612,3,67,28460
341,IT,1200,0.8848166455348312,10,82,40314
342,Sales,1149,0.8399096301993251,2,53,37499
343,Marketing,1459,0.9928156686419014,8,57,15908
344,IT,1341,0.7524119261603912,9,58,18117
345,Finance,736,0.9006839480992834,1,95,11263
346,IT,1680,0.5349027343335484,9,73,5418
347,Finance,410,0.6503992606676355,9,74,35841
348,Finance,116,0.5407013321754658,4,88,17732
349,IT,627,0.6956329228792395,7,60,27711
350,Finance,1599,0.9403372898896765,5,72,13560
351,Finance,1024,0.7812507987005772,1,82,41854
352,Marketing,369,0.6644137600131552,9,68,9765
353,Marketing,1205,0.6522393582352557,10,64,15082
354,IT,754,0.7959456964147058,11,70,31396
355,IT,1116,0.5346840926743005,1,51,6978
356,Marketing,928,0.6571157899377029,9,59,6833
357,Sales,1757,0.8467442137688012,7,67,5226
358,Finance,1827,0.5496872657881728,5,85,9692
359,Marketing,1959,0.9213327775320153,11,68,41398
360,Finance,338,0.982595153989102,4,61,13851
361,HR,995,0.906654769398912,11,62,41380
362,Marketing,347,0.988850544244914,10,63,8401
363,Marketing,368,0.5638304018907742,5,69,18766
364,Marketing,1573,0.7929279469135739,3,91,39248
365,Sales,949,0.8718093195610268,9,60,22966
366,Sales,93,0.5716826688150125,6,80,6334
367,Sales,1783,0.6399848539067463,9,81,49052
368,HR,1311,0.5112362565490913,10,50,48696
369,HR,665,0.7225673466609562,6,91,6038
370,Finance,1378,0.596648954377506,7,94,46010
371,IT,184,0.665103419988367,2,54,17946
372,IT,1492,0.7928502449167716,3,90,15322
373,Finance,1455,0.9170821366967742,2,83,46187
374,Finance,1189,0.7321692636900634,3,81,6493
375,Finance,1811,0.939724217504509,2,67,19316
376,Sales,687,0.6966789094199064,1,70,32933
377,Sales,557,0.7050112765039254,2,96,21792
378,HR,650,0.6641913535709573,6,74,25115
379,HR,425,0.8374511005574339,1,69,28129
380,Sales,1710,0.8656733771753681,10,94,34219
381,Marketing,1096,0.6814719525723711,3,61,37041
382,Finance,1283,0.6443715278553954,6,98,32556
383,Sales,660,0.837077597204487,11,80,13871
384,Finance,83,0.9689862505732559,6,79,24732
385,Finance,296,0.964366726194569,7,71,31320
386,Finance,937,0.8165766926030389,7,74,23644
387,Finance,772,0.6091100430929108,8,97,15178
388,IT,1145,0.8997987975203944,6,94,11250
389,Sales,806,0.9716822443768034,6,57,36124
390,Finance,1930,0.8829113931960766,2,75,6154
391,Finance,548,0.7678957332846705,11,97,32021
392,Sales,909,0.7633431541453224,11,91,22968
393,Finance,448,0.7857482587223517,9,52,31839
394,Finance,427,0.5190757117315182,4,85,32893
395,Finance,1976,0.8242751921183022,1,59,45973
396,Marketing,528,0.6768085555940049,3,73,10300
397,Sales,154,0.7865931650300957,8,88,47915
398,IT,287,0.9943135783819927,3,90,13445
399,HR,1735,0.6787788826211586,7,62,5688
400,Finance,1866,0.9577464586110658,1,62,7955
401,Sales,1600,0.5134436876462356,10,65,16162
402,Sales,1742,0.7065643547645547,4,63,23820
403,IT,1732,0.5073149068259438,5,71,17676
404,HR,794,0.8696992806844319,7,95,38419
405,IT,35,0.5922333851773002,9,62,47815
406,Marketing,1449,0.9790110900300916,10,79,29007
407,Sales,737,0.7260655415421748,10,63,11184
408,Sales,282,0.6726660065365069,5,98,35191
409,Sales,1245,0.8515060611703413,7,76,31741
410,HR,1610,0.9179457553941379,10,62,19854
411,IT,682,0.7179917217377625,5,69,33226
412,Sales,1001,0.7942141057315826,10,55,33683
413,HR,1787,0.7198488131267957,9,76,23868
414,Sales,416,0.803484589672598,10,74,18613
415,Sales,1207,0.8433709236645457,7,52,14396
416,Sales,1633,0.6393596145202572,9,50,20146
417,IT,187,0.6191077675809258,5,65,12597
418,Marketing,1501,0.8156304291281131,7,54,13637
419,Sales,819,0.8524307277692013,7,92,47720
420,HR,261,0.5803104839459716,8,66,11893
421,HR,91,0.7368809301167207,7,70,6169
422,Finance,331,0.6427771624255103,4,71,38691
423,Marketing,943,0.5382285547574355,8,84,27289
424,Marketing,840,0.6842512111985262,11,72,5140
425,Marketing,720,0.6952948627570734,7,68,46306
426,IT,1290,0.7763637506538541,9,97,40417
427,IT,446,0.7896208286842622,4,86,45136
428,HR,467,0.9488117017811506,10,56,36725
429,IT,1317,0.8715943637388898,11,56,33701
430,Marketing,1512,0.7868909911867443,5,59,39158
431,IT,1205,0.8763166328523873,5,87,15424
432,Marketing,1697,0.8941846558384803,11,56,43770
433,HR,286,0.8047933705864225,3,69,35555
434,Marketing,1257,0.7623477695137943,8,56,46279
435,Sales,825,0.9103749692870349,7,98,7578
436,HR,812,0.8073340365673602,10,69,35459
437,Finance,1514,0.9249998989573476,5,93,48139
438,Finance,941,0.907895521411288,2,54,22201
439,Sales,332,0.9660038091028329,10,84,49688
440,Marketing,1041,0.7531152076684824,7,52,7830
441,Marketing,1115,0.6360601311011653,3,92,38635
442,Marketing,212,0.6543324908549646,2,52,20520
443,Sales,523,0.8175476567574744,7,61,11295
444,Sales,880,0.9511565622493457,3,54,43399
445,Sales,361,0.6558078098085024,2,62,33408
446,Sales,1558,0.6748221937789699,8,76,35030
447,Marketing,1104,0.6641399120672123,9,87,8207
448,Marketing,74,0.7686262956452714,8,91,19011
449,Marketing,1059,0.5805001467539032,3,62,33723
450,IT,1232,0.9967594345968644,4,51,19498
451,HR,232,0.772522940855435,9,95,41771
452,Marketing,362,0.7510551210964588,10,59,17518
453,Finance,403,0.6004668303512033,9,56,36654
454,Marketing,1664,0.8792127861828405,3,52,47496
455,HR,1155,0.6317889426500531,10,59,25869
456,HR,1036,0.5682125619090228,10,89,24326
457,Sales,819,0.5442897695280131,11,79,33469
458,Marketing,752,0.9592829079748362,9,90,35910
459,Finance,28,0.591702513389735,9,82,31307
460,HR,1627,0.6608345377430005,8,79,23761
461,IT,1129,0.5811786416965924,3,76,43787
462,Sales,27,0.931245051579195,2,51,19287
463,Sales,878,0.5906576080267001,6,83,47606
464,Sales,1534,0.5715146609968446,6,73,20620
465,Finance,1391,0.7853494185925978,3,81,48396
466,Marketing,1062,0.6714437866113812,8,68,19804
467,Marketing,140,0.5981868527036855,5,57,23537
468,Finance,1990,0.7451892916919819,9,80,48980
469,Marketing,14,0.6770361398279761,1,90,33528
470,Marketing,547,0.5043601897511429,7,52,17311
471,HR,26,0.721656765891947,5,69,29147
472,Finance,374,0.9820485004501931,1,84,22753
473,Finance,1060,0.8048050233489108,3,77,29016
474,IT,961,0.5920446485704824,3,88,42302
475,HR,891,0.923195067512893,7,91,33951
476,Sales,256,0.7571783974690012,6,92,47654
477,IT,605,0.8953859475307947,2,98,46982
478,Finance,946,0.7345891508216021,11,83,7544
479,Marketing,1677,0.8749186915603954,8,95,17405
480,HR,1503,0.5776557758551293,3,83,35664
481,Finance,919,0.9863343883064836,5,58,10626
482,Sales,439,0.9727247472478258,8,58,13513
483,Marketing,547,0.531880984918961,8,83,38962
484,IT,1751,0.6383806681090409,6,65,35351
485,HR,421,0.9973985601293711,10,51,23750
486,Sales,773,0.8012107936668265,10,64,17540
487,HR,215,0.5071580917522021,10,61,41882
488,IT,671,0.7171920884967168,3,82,5798
489,Sales,1201,0.9511200595863456,6,56,46083
490,Finance,674,0.5167199671324699,4,51,29635
491,Sales,578,0.5634115836048574,8,86,45163
492,HR,1440,0.862387432635166,9,62,36214
493,Sales,1308,0.6048088960973497,11,88,34219
494,HR,1881,0.9853749176079752,6,75,27611
495,Finance,689,0.7211800630753749,8,86,38178
496,Marketing,1407,0.8552591063106165,9,96,27903
497,Finance,1195,0.6229560647961503,8,59,25581
498,Marketing,1735,0.7387974874030363,10,78,7655
499,Marketing,1369,0.5080210568009295,7,56,43538
500,Finance,199,0.6009816622793268,6,78,31428
501,Finance,1662,0.6945290893779141,8,62,42264
502,Finance,1111,0.697001992747818,5,76,49885
503,Finance,40,0.6337776004785068,11,61,10075
504,IT,407,0.8874219914499486,8,86,38106
505,Sales,657,0.6333971062810979,5,52,11836
506,IT,836,0.7481105351580024,5,84,21493
507,HR,1483,0.8127153957222777,9,62,46503
508,HR,1289,0.5324261598102042,8,94,37099
509,HR,287,0.9649577030125518,8,89,17318
510,HR,607,0.7500289256697712,1,86,9705
511,Finance,1176,0.9709746180730132,5,73,41037
512,Sales,535,0.8900460475726315,2,54,36593
513,HR,390,0.9994693891617559,7,62,36956
514,HR,1896,0.8663492372241823,9,77,35947
515,Marketing,210,0.8796961043205678,7,64,12478
516,IT,1766,0.5591957696711134,1,75,12339
517,HR,1351,0.9409429290299001,7,54,44176
518,IT,748,0.5165740801659684,6,63,34421
519,Sales,1949,0.6607117067599665,8,61,19885
520,Finance,420,0.9012349544054299,8,84,6293
521,HR,1672,0.5049599678403791,2,61,7717
522,Sales,555,0.7874992324284902,11,61,22678
523,Finance,1305,0.8952465872256659,7,91,9075
524,IT,1376,0.721866157716486,10,57,7863
525,IT,1588,0.7124086192027372,8,90,40291
526,Sales,1678,0.6138762784358978,4,82,38507
527,Marketing,1508,0.7326238879070684,5,80,29230
528,Marketing,358,0.7079574759053731,4,58,22192
529,IT,707,0.7764859534140349,4,59,17295
530,Marketing,1485,0.9672990742174516,6,97,42272
531,Sales,1501,0.5167759126722162,7,55,48298
532,Marketing,936,0.6127274813431229,6,57,10129
533,Finance,35,0.6649562508412921,9,87,22359
534,Finance,926,0.7923787813965721,10,80,39816
535,Marketing,1913,0.6711803831122771,1,54,44142
536,IT,147,0.7570349468643864,6,80,39098
537,Sales,312,0.6669943473253084,1,70,33529
538,IT,958,0.8292594968577993,3,84,37057
539,Marketing,18,0.5094274704970475,3,60,12902
540,HR,1988,0.9421951313660293,11,78,14508
541,Finance,1773,0.5265063154392751,8,70,37743
542,Sales,527,0.926607443057941,7,81,21933
543,Finance,522,0.8339847839614094,7,56,25436
544,Sales,1215,0.8100892981323573,4,73,10178
545,Finance,1382,0.6458072372831924,10,89,30603
546,IT,1296,0.6793487984319914,4,69,43803
547,Marketing,1076,0.9846963773294499,6,92,42372
548,Marketing,881,0.662324929497863,4,85,12367
549,IT,1845,0.7343567937215257,3,86,40243
550,IT,414,0.5541366894971064,2,65,37215
551,IT,1883,0.6972058982528766,1,88,23157
552,Finance,47,0.7560607183667711,9,66,42261
553,Sales,38,0.6258365963665694,4,68,13255
554,HR,6,0.5324408570675006,11,60,48315
555,IT,549,0.9948638481840149,5,52,14833
556,Finance,1073,0.931452835277008,7,76,31868
557,Sales,429,0.8370472750587638,3,62,38033
558,Marketing,1936,0.821069997360758,2,91,41423
559,IT,233,0.6340942500608681,11,58,30407
560,Marketing,1410,0.7106872856888571,10,66,21901
561,Finance,1762,0.7395311904078699,8,79,7750
562,Sales,25,0.6475198127753904,6,82,34029
563,Sales,1868,0.6512861681633355,6,99,9101
564,Sales,1207,0.6568963924648734,8,99,44889
565,HR,94,0.7040549765506987,4,96,14751
566,IT,1172,0.9221209139560942,3,96,22183
567,Finance,1618,0.7366089772997306,3,90,29359
568,IT,238,0.5207257734350291,9,64,12083
569,Marketing,445,0.8293216774755179,9,94,14944
570,Finance,1906,0.9625013290513402,6,65,34967
571,Marketing,628,0.8198551531926237,8,76,47755
572,IT,1664,0.714217296626176,10,77,33636
573,IT,933,0.6379414002965476,4,64,38840
574,Sales,1632,0.6989279111439854,7,77,11108
575,Finance,7,0.7487164199178191,9,86,14485
576,Sales,969,0.693181647568397,1,56,47004
577,HR,320,0.7067380947917288,11,73,31423
578,Sales,1956,0.9840960182421556,9,72,25108
579,HR,155,0.7745541920854386,8,67,43886
580,Finance,596,0.8570242487129506,6,53,38939
581,HR,524,0.9277016761374793,2,57,6583
582,HR,1599,0.8794364231471399,8,90,16035
583,Marketing,1750,0.6022693955702266,4,95,17967
584,IT,277,0.6193048196913771,4,85,11697
585,HR,1858,0.9823947118005876,1,74,42521
586,Marketing,1137,0.5895245515329597,10,81,34145
587,IT,697,0.7391314697629127,11,69,47915
588,Finance,804,0.61340969247396,7,84,42748
589,Sales,1792,0.6160491388996284,8,92,46982
590,Sales,174,0.7033772894856118,10,58,8757
591,IT,828,0.7839389200451028,6,54,37697
592,IT,108,0.7179460890935008,4,53,14345
593,Marketing,64,0.9910894007827806,2,92,31069
594,HR,1310,0.6006342563508764,6,94,41573
595,HR,1035,0.6030133349868319,8,66,49372
596,Marketing,959,0.9074307658168317,9,83,29237
597,Finance,353,0.7622696207837173,5,97,47721
598,IT,112,0.7404174464737144,6,59,29542
599,Marketing,1307,0.9738786857465278,6,69,31516
600,Sales,1946,0.5269123478335818,9,69,25286
601,Sales,837,0.578579803534691,3,75,14189
602,Finance,1752,0.8930231752667175,10,96,38133
603,Finance,404,0.5577141222734994,9,71,25496
604,Sales,1228,0.7102078118594598,6,66,26365
605,HR,699,0.7020365421326162,1,92,27520
606,Sales,1251,0.7652721554348112,4,58,37336
607,Sales,819,0.8998384088200487,7,90,18783
608,Finance,97,0.942760354874461,1,65,47740
609,IT,487,0.7975952145944079,6,68,8072
610,Sales,1832,0.7075078373943584,3,50,35629
611,Sales,1320,0.6720645561349026,11,81,48539
612,Marketing,1543,0.9863644403484748,8,58,9911
613,HR,1842,0.7801795194366843,1,55,30416
614,Finance,1062,0.8145335911122331,2,57,24744
615,Sales,1440,0.5587459467758132,2,61,20116
616,HR,1215,0.8272189170317313,8,81,35764
617,IT,116,0.9006999872877838,1,80,9769
618,Sales,1174,0.6419626955962443,10,62,44104
619,Marketing,1989,0.9606965290620417,7,78,39336
620,Finance,886,0.6299786926086957,11,55,42852
621,Finance,1259,0.7651872661738678,5,53,16773
622,HR,983,0.9759736409257644,7,54,17597
623,IT,104,0.864374342959241,9,84,42940
624,Marketing,619,0.6561166268811857,5,61,29738
625,IT,1545,0.7365284430569589,10,55,8125
626,IT,1858,0.5457138170863498,5,86,49536
627,Sales,394,0.8603781965143589,1,99,37402
628,Finance,1907,0.7242693909407343,3,69,20440
629,IT,813,0.5788841554550446,6,69,24571
630,Finance,620,0.7345208952211262,8,99,26853
631,HR,1745,0.9100001825167313,11,50,34329
632,Sales,461,0.5529474248531181,2,88,20653
633,Sales,1410,0.6020964996472528,11,69,44441
634,Marketing,1786,0.933181736714306,11,62,43028
635,Finance,556,0.5855962267504577,4,62,21651
636,IT,1343,0.6845426772275438,7,87,8136
637,Sales,76,0.7342457801086905,6,85,17426
638,HR,11,0.5445132606102814,8,95,35566
639,Marketing,656,0.9359845730978662,2,54,17373
640,HR,135,0.7538625795956091,1,73,27992
641,Finance,1709,0.517084760369934,5,66,31192
642,Marketing,370,0.9937102407441045,5,57,24928
643,Marketing,1393,0.9712111636679516,5,99,14482
644,Sales,1632,0.7362339098343582,4,54,23775
645,HR,37,0.5633762565077705,1,51,21628
646,Finance,896,0.7416667640756436,8,75,9499
647,Marketing,1341,0.5052288913385177,9,70,42947
648,HR,771,0.6559413345521448,8,67,21913
649,Finance,718,0.9737418985292932,4,74,27906
650,Finance,846,0.9005747453792936,9,66,5135
651,Marketing,1294,0.9343241424883809,1,63,48984
652,IT,718,0.5310915561460794,11,54,15037
653,Finance,1746,0.881223208592036,4,56,22012
654,HR,1213,0.9714793195019007,6,83,49935
655,IT,1755,0.9515588675941655,3,76,41069
656,HR,1775,0.7472207639914684,3,53,28082
657,Sales,768,0.7286205526764762,4,54,24356
658,IT,1434,0.6693845082378749,6,91,47287
659,HR,1232,0.7545400412280594,4,59,22300
660,Marketing,1510,0.7925635287520074,5,80,39757
661,Sales,103,0.976281436560372,6,57,34970
662,HR,1994,0.534883750006447,3,73,18469
663,Finance,1987,0.9542675191040311,6,82,48973
664,Finance,206,0.9424053623851507,4,52,41507
665,Sales,1662,0.6287499376571555,2,73,32546
666,HR,60,0.9482853582376382,4,52,36411
667,HR,80,0.9064532968184205,9,70,47157
668,IT,653,0.6949175162272778,4,66,27119
669,Finance,1751,0.5978708529382647,5,54,9256
670,Sales,447,0.5169668731513002,8,60,23598
671,Sales,1939,0.7867494502024417,5,50,36897
672,Sales,62,0.5367432129356176,10,74,40799
673,HR,1749,0.8779815708752705,10,74,22071
674,Sales,1599,0.8886790129011632,3,60,48468
675,IT,567,0.911721478691943,11,67,44755
676,HR,112,0.7745546373151352,7,93,20189
677,HR,1213,0.6058950097568481,8,71,27569
678,IT,737,0.7606706657583335,10,81,38566
679,Sales,979,0.6973077694331057,6,95,25028
680,Sales,242,0.562061905259889,2,94,21740
681,HR,1939,0.8555464695695356,11,53,16148
682,Sales,735,0.5111313133432419,1,91,22403
683,Sales,873,0.7221327740454486,6,66,42496
684,Finance,601,0.5042171813240419,7,59,10644
685,HR,1482,0.9483144765216772,5,84,12183
686,Finance,1388,0.786858034369199,7,81,33864
687,Finance,431,0.8104429210951276,5,82,39104
688,HR,1450,0.6315879227893498,11,63,24935
689,IT,47,0.7887694464253537,6,78,25086
690,Sales,40,0.6178524582522276,10,56,47326
691,Marketing,536,0.817707203202173,5,80,5466
692,IT,1474,0.9592040096761211,10,65,19954
693,IT,1294,0.885315128027427,6,95,9427
694,IT,731,0.5434118003347416,9,66,30982
695,IT,291,0.6171958687795438,7,83,46943
696,IT,700,0.72660124998703,7,67,35736
697,HR,797,0.5979880533077947,7,92,29628
698,IT,1774,0.9176896946197445,8,58,15031
699,Finance,218,0.6163030547963908,2,65,23123
700,Marketing,82,0.7224634529339469,7,65,21681
701,Sales,1633,0.5811424344196863,11,50,8603
702,IT,1510,0.9404870777159138,9,89,43541
703,IT,629,0.752094257065877,3,77,36437
704,Sales,1493,0.8241745728210857,4,90,8583
705,Finance,600,0.6485111842493197,1,96,7396
706,Sales,1737,0.9149334419883303,11,53,27237
707,Marketing,1742,0.5018347076606988,2,60,25207
708,Marketing,666,0.525978032753753,2,73,6191
709,IT,1246,0.5078235927497629,5,68,41732
710,Marketing,1009,0.7259555176346346,4,57,31239
711,IT,1629,0.6479170853260652,5,56,22527
712,Finance,470,0.5596192479958839,5,74,8576
713,HR,977,0.9329552670044025,11,98,39624
714,IT,888,0.6081966056021508,10,70,9421
715,Marketing,1172,0.8672010069570361,6,69,8693
716,HR,773,0.7792190355834379,4,50,43420
717,HR,158,0.5235420218413736,1,73,14702
718,IT,1012,0.8482850825506554,3,74,43401
719,Marketing,893,0.5309718346307651,9,71,22993
720,Sales,1359,0.8026587569013464,6,76,15932
721,Marketing,823,0.5046540738287875,6,95,21218
722,HR,278,0.8621999319490521,5,62,25428
723,IT,929,0.8997174289121485,2,80,16903
724,HR,1308,0.7401257888203203,5,99,7209
725,Marketing,1700,0.7333473368506428,6,55,7168
726,Sales,1800,0.7238593794413762,1,97,18651
727,Marketing,1037,0.8040516607761559,10,88,33438
728,HR,1429,0.9654281300834205,5,92,22881
729,IT,1469,0.9699709875711433,6,77,41374
730,Sales,1512,0.7187804966429883,7,99,36420
731,Marketing,849,0.760098683149828,7,68,33687
732,HR,632,0.8351011069509682,9,97,23661
733,Sales,1300,0.6402410352659131,9,82,33907
734,IT,1465,0.7831776866775904,2,53,6934
735,Sales,647,0.6960628420219247,11,55,30874
736,HR,476,0.731014370193782,1,90,36459
737,HR,1534,0.7754715200002189,11,81,20636
738,Sales,164,0.5121458059688455,2,75,10957
739,Marketing,475,0.5226315405494504,3,63,20031
740,HR,959,0.8258872657623038,7,94,44806
741,Finance,1433,0.9418635494264398,4,51,18366
742,Sales,6,0.6751832129369919,10,72,32741
743,Marketing,686,0.9985285384610882,1,68,13585
744,Marketing,1357,0.5239819125688527,2,78,16021
745,Sales,1452,0.6690726992435592,3,59,10479
746,Finance,46,0.7060111400907787,4,57,12740
747,Finance,819,0.822015103368222,7,98,21713
748,HR,638,0.6003057024781964,1,98,48622
749,Marketing,1058,0.7744426130028366,1,83,8384
750,HR,1864,0.83716532179101,2,95,9803
751,IT,386,0.6036188420781006,11,67,27746
752,Finance,696,0.5762481515209731,9,53,25096
753,Marketing,268,0.9183842607115934,5,57,38489
754,Marketing,1817,0.9522847536349067,2,83,9298
755,Marketing,155,0.7725691263468104,2,78,22503
756,Finance,177,0.8138889211177126,6,77,32462
757,Finance,1005,0.6624199872779899,7,51,40304
758,Finance,1261,0.6358132042232767,8,53,8257
759,Sales,1497,0.6878792690919182,5,63,45801
760,HR,1048,0.6887600854620881,3,83,45261
761,Finance,1034,0.9768247851589362,10,85,20661
762,Sales,222,0.5586551330401577,3,72,42392
763,IT,5,0.7162948579125773,9,81,38956
764,Sales,890,0.989219142143562,2,95,35300
765,Marketing,1558,0.697534675940938,11,97,49070
766,HR,618,0.88522320650839,9,97,43827
767,Sales,824,0.5507413715776734,5,57,8651
768,Sales,116,0.6864260152473605,5,70,31827
769,Marketing,1944,0.8609603458642524,8,61,44832
770,HR,719,0.5910338508743354,4,90,32259
771,IT,558,0.8840479102866154,2,82,21716
772,Marketing,1252,0.8338209569827055,2,91,27191
773,HR,127,0.7783577513236244,3,73,12088
774,Sales,1055,0.7783361166196304,9,69,24279
775,Sales,1476,0.5003891760615824,8,91,35163
776,HR,501,0.927137210438175,8,97,8708
777,HR,562,0.9444722212749146,3,52,36170
778,Marketing,526,0.5747879208113129,10,81,14827
779,IT,555,0.7801483022020639,3,82,22123
780,HR,348,0.7741509743847805,10,57,27125
781,Sales,530,0.6339899128519677,8,78,9405
782,Marketing,802,0.9114352756541433,8,62,33191
783,Sales,199,0.7565875954183138,5,61,17153
784,Marketing,1972,0.7759496690235717,9,60,32240
785,Finance,423,0.5404413206577574,3,76,16608
786,Sales,1572,0.6216298625385404,3,50,39225
787,HR,445,0.672153853484071,10,75,28946
788,IT,1957,0.7980329455154489,7,59,40367
789,Finance,11,0.757743459236857,4,73,31332
790,HR,105,0.780594053941839,10,80,30279
791,Finance,83,0.5125093489688581,4,99,17432
792,HR,892,0.6054034855388314,6,97,28246
793,Finance,1080,0.6872176655578492,9,91,42622
794,IT,328,0.7786050427038315,10,93,22753
795,IT,1488,0.5633682114739911,2,76,24979
796,Marketing,883,0.5330697067199293,11,77,34996
797,Sales,1174,0.976702428853305,6,62,9378
798,Sales,1193,0.9700414912005701,7,70,31184
799,Sales,1995,0.724003527049711,7,81,33068
800,Marketing,1796,0.9258023942590026,11,99,15548
801,Sales,1245,0.7354836896735835,6,86,42028
802,IT,1177,0.9124922855340648,7,68,5745
803,HR,1708,0.5175816994397764,3,89,29725
804,Sales,479,0.5640348874246084,3,97,7727
805,Sales,1230,0.9552675892296112,2,75,25550
806,IT,1285,0.9269552625940612,5,73,44717
807,IT,239,0.9500993407677598,11,68,28934
808,IT,1708,0.669580367789393,10,53,48668
809,Sales,1897,0.8619909267324088,7,69,6942
810,Marketing,1215,0.7557596134900253,10,68,17190
811,IT,1362,0.5207142179510026,7,82,46408
812,IT,1045,0.5755983326727672,4,96,49346
813,Marketing,992,0.8471161446463575,9,83,29765
814,IT,1592,0.8489370832602758,3,91,28279
815,HR,1828,0.7168799358720995,2,72,41592
816,Sales,1314,0.88600921112881,1,93,19680
817,HR,17,0.7626987880252227,3,73,25135
818,HR,1321,0.622356091826137,7,62,9218
819,Finance,244,0.6051316718389108,7,62,40662
820,IT,471,0.9823521975457048,6,67,15055
821,IT,1855,0.9978623343093866,1,87,37175
822,HR,528,0.5776448706642344,6,95,36494
823,Marketing,237,0.7417601837768606,9,70,24358
824,Sales,1456,0.6313273857616024,8,69,19827
825,IT,1862,0.6905210006570746,8,90,36258
826,HR,1682,0.6190210857572083,5,81,43084
827,IT,1899,0.695995233175644,2,82,18437
828,Finance,1624,0.7903064266553194,8,52,38672
829,Finance,160,0.9540326808475192,5,76,5170
830,Sales,645,0.5678742138835025,4,85,12314
831,Marketing,1033,0.9033283789125137,9,63,44949
832,Finance,235,0.7780408075892915,10,71,21335
833,Sales,736,0.9753929643426194,6,96,15193
834,Marketing,1988,0.8368212726366513,4,66,20431
835,IT,746,0.5499187076470935,10,72,5603
836,Finance,950,0.9969340527543902,3,61,23668
837,HR,1196,0.8135179188827499,3,54,28928
838,HR,288,0.5158397996642025,10,95,13297
839,Finance,1118,0.9940247749798812,8,99,21919
840,Finance,1791,0.7583835287958686,6,87,26415
841,Finance,1414,0.5839350606651313,11,73,13140
842,Sales,191,0.7003753850555507,9,87,10498
843,IT,494,0.7245449454482895,3,51,41672
844,Sales,1044,0.5943007012581928,10,59,5274
845,Sales,276,0.7215446095958065,11,98,5852
846,Sales,1716,0.776930278551373,9,62,34161
847,Marketing,1741,0.8041012708308208,7,68,19078
848,Marketing,1312,0.735747164997527,10,96,21975
849,IT,845,0.9803858867300346,6,73,46113
850,IT,1629,0.6442991611370686,6,64,16223
851,Finance,644,0.9488815490836762,4,74,42075
852,Marketing,275,0.5757354894121829,6,79,28037
853,Sales,1281,0.8761960960781952,3,77,33338
854,HR,399,0.8308746696854833,3,66,11702
855,Marketing,845,0.9468769857327853,7,63,24872
856,HR,1865,0.8330491375281821,2,94,15286
857,IT,913,0.5210265003353951,8,92,14228
858,HR,1618,0.7795308630288185,4,57,28028
859,HR,9,0.6395605600653975,11,95,45192
860,HR,325,0.9922034654110878,7,54,11447
861,Sales,1324,0.8461219210715352,10,89,28660
862,Sales,1998,0.6625533784395159,11,60,34005
863,Finance,1908,0.9412344112823954,5,73,10678
864,Sales,369,0.7792217349907526,7,68,41368
865,IT,679,0.5377739434208514,11,99,29408
866,HR,19,0.842575187350189,3,67,14643
867,IT,633,0.513401559354754,7,64,28192
868,IT,926,0.6878208570912225,7,63,27332
869,HR,1702,0.7908630670397866,8,62,16845
870,Finance,1171,0.9596329837985347,2,52,27313
871,Marketing,874,0.7954042694947316,10,66,43340
872,IT,403,0.8869840660617092,6,73,8792
873,Finance,765,0.9436729294472861,11,91,43511
874,Marketing,767,0.5122442808725389,10,79,38191
875,Marketing,1719,0.925577950722818,7,65,6530
876,IT,888,0.9649104608047818,1,90,48592
877,Sales,1157,0.7045176360460084,3,92,41710
878,Finance,1898,0.7309003351097294,5,50,47689
879,Sales,1601,0.9123471812395616,1,62,39407
880,Sales,1805,0.5274757963332972,11,82,14636
881,Marketing,1480,0.7669725069165638,7,51,8487
882,IT,987,0.5542499165237913,9,62,42904
883,Marketing,1302,0.8865865175038856,5,58,8688
884,HR,677,0.7619412916580528,6,81,30544
885,HR,925,0.7619402469819379,6,76,31798
886,HR,1394,0.5515722559901799,4,82,48124
887,IT,623,0.9584865915164511,3,93,6795
888,Finance,431,0.6058755647787091,11,50,40156
889,Sales,181,0.576858094032354,3,52,18264
890,Sales,218,0.6085441583738178,7,94,35970
891,IT,1993,0.5831611735063519,1,64,5903
892,HR,892,0.7025925927760963,8,66,43487
893,Sales,1105,0.6254720912716212,9,80,43033
894,HR,1978,0.6777814377065905,11,97,22408
895,IT,222,0.685471482456574,6,96,45482
896,HR,1586,0.5273877432551993,4,69,33256
897,HR,650,0.8904942171020972,2,75,26439
898,IT,103,0.7778990822890381,3,99,15014
899,HR,818,0.8830258757427853,10,65,47743
900,Sales,678,0.6168527044822458,10,93,48058
901,Finance,725,0.80547623333904,5,63,20115
902,Sales,1281,0.874447498092634,6,58,27766
903,Sales,1881,0.7435778720934118,7,61,12969
904,IT,349,0.8141654207773961,3,55,31099
905,IT,1845,0.9332360884592361,6,87,10895
906,IT,971,0.998808745901163,8,91,44287
907,Marketing,1764,0.729369564912902,6,68,22228
908,Finance,1776,0.7280340418245514,1,83,16518
909,HR,1536,0.9838521851468325,2,90,46237
910,Finance,1819,0.7856116540960041,4,59,18948
911,Finance,120,0.854245617900714,4,67,8796
912,Sales,1364,0.6367055914874153,10,54,35220
913,Finance,1751,0.7040435922177335,2,74,42584
914,Sales,1792,0.5967102321171385,9,53,37646
915,IT,1190,0.7925975215288457,11,64,25019
916,Finance,1903,0.9035285872385106,6,79,6698
917,HR,1981,0.8306284025242914,1,93,42417
918,Marketing,1264,0.8854219487268177,7,86,8464
919,IT,790,0.783498134201937,3,87,21778
920,Marketing,702,0.5726709827811376,2,92,25634
921,Marketing,211,0.8497069649639777,7,95,29661
922,Marketing,1819,0.8499233295804933,10,96,13238
923,IT,431,0.5956243789367635,6,81,37787
924,IT,1121,0.6817487386484473,3,74,9232
925,Finance,475,0.5826604116116885,5,89,22371
926,Sales,999,0.812245461347945,3,56,13669
927,HR,520,0.6218175814343585,9,92,40728
928,Marketing,1766,0.929995778524981,1,91,13407
929,IT,533,0.6236715810814637,9,52,8159
930,Finance,552,0.7058009983825053,7,66,5243
931,Sales,1530,0.8617222759519643,7,68,26861
932,HR,1570,0.7984365890723573,3,97,23064
933,Finance,1807,0.790888596979239,2,56,33939
934,Finance,1394,0.5899922239188001,10,85,15814
935,Finance,1043,0.901447352887951,8,77,30179
936,HR,296,0.9374658239056264,11,58,13673
937,Marketing,695,0.5669543084855301,11,66,8487
938,Finance,56,0.9239798099369037,10,51,42640
939,HR,1626,0.9494122652894796,2,66,5551
940,Sales,976,0.9106137362472719,2,65,11772
941,Marketing,1002,0.6511796563664358,8,53,27285
942,Finance,481,0.6704492477240149,9,99,10315
943,Finance,1886,0.830396537449799,7,79,39860
944,IT,1214,0.7515131821826085,7,70,33340
945,Sales,845,0.8358155258906268,8,59,33790
946,HR,236,0.5988911563229101,10,80,17933
947,Marketing,1719,0.831224590794952,9,82,18145
948,Finance,1318,0.6454732975265574,5,86,24960
949,HR,1504,0.5424512925111427,6,85,10535
950,Sales,1314,0.7444689749475113,1,79,45380
951,Sales,1709,0.6114488473365256,8,54,44559
952,Sales,1349,0.5395858782025025,9,98,14127
953,Sales,421,0.6115697197082173,9,57,34509
954,IT,991,0.5868335669818598,11,57,44527
955,HR,45,0.695977913865506,3,73,21463
956,HR,1579,0.5211680674533476,5,64,29393
957,Finance,512,0.8428696450077088,5,95,25544
958,Finance,209,0.6374209513214673,5,98,7486
959,Marketing,679,0.5550848278005742,4,85,48866
960,Finance,1996,0.937498933247072,3,89,40279
961,HR,1384,0.6671159604987584,10,74,40675
962,HR,1107,0.6197116050093892,10,72,12565
963,HR,509,0.9205607767518024,9,87,14653
964,Marketing,1645,0.5540454067126896,11,90,39025
965,Finance,153,0.5817570718848555,10,75,13380
966,Sales,1085,0.7882491048593215,1,59,23811
967,Marketing,1622,0.794152581502381,6,65,38788
968,Finance,56,0.6228569029414346,5,72,16591
969,Marketing,389,0.6730242545560243,9,87,40567
970,HR,1790,0.503012234584468,2,75,47781
971,Sales,1966,0.7324079798867634,3,89,37948
972,Marketing,785,0.5439815561715362,2,63,14278
973,Sales,220,0.8514922766365693,11,94,13536
974,Finance,541,0.9202972708036572,9,77,46707
975,Marketing,1470,0.7253191738944003,10,75,38505
976,HR,581,0.560112188510508,5,68,32018
977,Marketing,955,0.8685013372806164,7,67,25112
978,Finance,1233,0.8255132230168554,8,83,48693
979,Sales,1277,0.9625479376057429,10,98,17727
980,Sales,659,0.6146438853069973,9,72,35347
981,HR,1704,0.870715212064366,1,88,32775
982,IT,903,0.871916536800631,7,87,15147
983,Sales,1085,0.5444412243980599,8,98,47364
984,IT,228,0.7367168218146212,11,94,43570
985,IT,298,0.8950636135454775,10,74,5027
986,HR,910,0.8449898027229605,10,83,35406
987,HR,1791,0.5873340604362817,5,79,6228
988,HR,51,0.5205204970888464,9,88,18180
989,Finance,63,0.9157773392587605,9,69,36915
990,HR,1410,0.5255767108723058,2,96,7554
991,Finance,463,0.86295899687577,3,60,40930
992,Marketing,1340,0.9575839982472839,4,61,5148
993,Sales,528,0.7479605943975415,7,76,20735
994,Sales,30,0.6936248364205784,5,93,9278
995,HR,1140,0.9839502237270343,5,61,26297
996,Finance,1049,0.9871780257285093,6,95,42270
997,Sales,217,0.7008103767417171,6,58,28279
998,IT,511,0.9129813333526122,11,76,10097
999,Finance,136,0.5632912267716342,3,60,8354
1000,Sales,1806,0.5131932384744691,11,75,9393
1001,Finance,449,0.5651666274760981,7,92,5267
1002,Marketing,641,0.5565491094454673,6,71,31818
1003,IT,1837,0.8522576259333718,11,99,12794
1004,IT,553,0.5234871871895548,3,77,31439
1005,Finance,1365,0.6352539167859987,11,60,10207
1006,IT,913,0.7038458702454677,11,88,46143
1007,Sales,941,0.775481972826874,9,63,28463
1008,HR,1411,0.9601337942346397,4,50,39974
1009,Sales,1656,0.628649617530126,8,59,46690
1010,IT,813,0.8337192279860368,10,64,33324
1011,HR,1107,0.5106387668076091,3,65,7409
1012,Marketing,1291,0.992090654826838,4,90,29972
1013,HR,240,0.6555550181877658,11,77,42452
1014,HR,1986,0.815838014849465,11,91,49195
1015,Finance,285,0.961085514618803,6,67,9180
1016,Marketing,756,0.5704547109890312,6,55,41585
1017,Sales,891,0.5582137293802474,2,83,31169
1018,IT,554,0.6451006885484367,10,83,44383
1019,Sales,1504,0.8805780658212881,3,76,13248
1020,HR,855,0.6408328067296822,5,95,27264
1021,Sales,199,0.5755070742520473,6,63,8971
1022,Sales,832,0.5040483562517657,11,98,25252
1023,IT,289,0.8876445947110545,10,53,12097
1024,IT,228,0.6792923493934624,1,91,26460
1025,Sales,967,0.6238270504215655,11,67,24535
1026,Sales,63,0.6772928318984364,9,90,22132
1027,Sales,46,0.9875436097119212,2,84,43533
1028,Sales,1506,0.697014632215058,10,88,31070
1029,Marketing,1097,0.7249596510245258,7,95,21509
1030,IT,436,0.7251301325766062,4,66,10657
1031,Sales,72,0.5991460097718635,11,79,11326
1032,IT,917,0.9307020313725191,9,86,32428
1033,Finance,15,0.7795167933070857,9,94,11452
1034,Marketing,365,0.5693999175952134,5,84,47202
1035,HR,159,0.5280930616726649,1,69,17519
1036,Finance,547,0.71202763029402,8,77,26090
1037,Finance,1769,0.7194522869408493,3,54,28278
1038,Sales,1840,0.6848471319389153,4,88,10794
1039,Marketing,1417,0.5450784662980036,11,76,41192
1040,HR,452,0.7782230415417328,2,95,40014
1041,HR,258,0.9587801151403186,1,85,45984
1042,Marketing,1731,0.9898961590920395,5,87,14293
1043,HR,1174,0.8103342347917466,5,84,44036
1044,Sales,179,0.7493822069747029,3,96,14761
1045,HR,500,0.6993616476041726,7,51,10371
1046,Finance,1874,0.6538572615585507,2,92,31720
1047,Finance,428,0.7506264189705509,4,63,38620
1048,HR,85,0.5662408178860429,11,65,31331
1049,IT,345,0.5779104688666382,6,76,44236
1050,Marketing,1247,0.9231002987344257,11,75,5893
1051,IT,862,0.6890253250491696,9,97,6672
1052,Marketing,490,0.6705879331607543,1,99,6145
1053,IT,1795,0.7322807939463734,7,70,9169
1054,HR,958,0.7432673808162487,10,87,40751
1055,Finance,1715,0.7032670188417833,8,87,48594
1056,Marketing,1456,0.7796864722350689,10,71,22867
1057,Marketing,840,0.8399663265971786,6,99,45143
1058,HR,1046,0.9581216807983706,4,72,17909
1059,HR,127,0.8302608098072429,1,84,44371
1060,HR,74,0.6803033558762346,7,86,30617
1061,Finance,591,0.5705682829351615,4,61,29168
1062,Finance,1997,0.547516996234088,6,73,24447
1063,Marketing,1238,0.7648749142203991,3,96,15272
1064,Finance,1395,0.5721294825220524,4,85,5984
1065,Sales,785,0.8607972534457617,5,69,24742
1066,Finance,1932,0.7827047086813959,7,75,37896
1067,Sales,287,0.8544783714192262,3,91,37435
1068,HR,1796,0.8417737862951385,2,80,47430
1069,Finance,1123,0.7289987643011169,9,85,22916
1070,IT,1803,0.9079238480681349,2,57,17043
1071,HR,11,0.9681936300626123,7,56,9378
1072,Sales,1161,0.5328504534887568,8,86,46019
1073,Marketing,1267,0.5189679327360818,10,74,13376
1074,Sales,1362,0.5514650270445084,1,95,7899
1075,IT,1260,0.7725864504422791,2,73,30918
1076,HR,1220,0.9172514914197848,4,79,47381
1077,HR,286,0.5988128957212777,10,57,48436
1078,IT,971,0.7966013273970265,7,91,44698
1079,IT,1018,0.9129989640752452,11,84,20329
1080,IT,1846,0.5889333787035566,9,70,26504
1081,HR,1756,0.5395755977580605,11,63,29352
1082,Marketing,1838,0.8842770815555654,11,75,35951
1083,IT,429,0.7833500930697957,8,55,35394
1084,HR,356,0.6121879660455545,4,86,24767
1085,Sales,1007,0.8607862623563434,4,80,46804
1086,Marketing,832,0.8128353278194911,7,52,48359
1087,HR,1341,0.6882331674925692,1,75,25726
1088,Finance,317,0.5697373603965796,7,60,38408
1089,HR,1887,0.7814124838549927,4,90,33095
1090,IT,202,0.82027835032353,7,65,49590
1091,HR,1025,0.8214353578911212,5,54,49254
1092,IT,641,0.7340988286779964,2,71,40222
1093,IT,568,0.7439530738088489,4,83,24871
1094,HR,672,0.670508689298778,6,54,12736
1095,HR,1657,0.8660002078291286,2,92,23927
1096,Finance,1575,0.9134033033733648,3,90,45348
1097,Marketing,1138,0.6245230512949769,4,77,11007
1098,HR,1021,0.5283956099560411,9,73,30257
1099,Sales,164,0.5546074858373078,11,90,25470
1100,Sales,1084,0.9349906859030708,6,71,27129
1101,Sales,989,0.5506397104544548,6,77,18905
1102,Sales,185,0.5860853426860495,2,81,40383
1103,Finance,1403,0.9550052929698385,10,94,31695
1104,HR,1671,0.8706438808137492,2,87,15847
1105,IT,702,0.7758563048307606,11,91,25483
1106,HR,123,0.7941322750685558,4,75,39436
1107,HR,1867,0.8130535647380335,4,60,42527
1108,Sales,1182,0.5004061765435799,2,82,8113
1109,Sales,1397,0.8892941845764231,11,73,46080
1110,IT,1062,0.8752586248204668,6,51,21510
1111,HR,1431,0.5778920273788567,7,87,14853
1112,IT,1099,0.836357934900734,8,52,28115
1113,IT,982,0.7127345054866784,4,90,23329
1114,Marketing,1309,0.8320618086821119,5,97,10867
1115,IT,967,0.8806371172729163,3,76,11099
1116,Marketing,1284,0.6699873675751725,5,85,8168
1117,Finance,944,0.5080726806457916,2,64,31599
1118,Sales,12,0.5951459567652051,10,83,30407
1119,Finance,1640,0.9601668238461607,11,67,7052
1120,Sales,1191,0.6330692523359194,1,69,18054
1121,Finance,1673,0.8526184003396253,10,65,9524
1122,IT,1374,0.7246173645258747,11,85,19971
1123,Marketing,179,0.9746139236856178,7,54,30817
1124,IT,278,0.5225252986310395,7,65,34019
1125,IT,1963,0.7384545968307131,10,83,40925
1126,Marketing,219,0.9986506384653013,3,58,29929
1127,Sales,1572,0.7903591283236384,7,66,14052
1128,Sales,714,0.9995384435431987,6,99,17186
1129,Marketing,1861,0.638352866483328,8,66,29861
1130,Marketing,904,0.6125633459845277,6,56,46051
1131,HR,1943,0.6376218840232079,1,77,11011
1132,Marketing,1801,0.9002524324461019,4,63,36806
1133,IT,1890,0.9944223034432488,10,77,37067
1134,Finance,158,0.5629639719429917,10,52,27885
1135,IT,1976,0.6612069795644561,1,81,26687
1136,HR,1354,0.6847973246256058,4,86,37144
1137,Finance,1673,0.5325841400161981,10,89,48874
1138,Sales,1884,0.6254225985962625,11,51,47811
1139,Sales,693,0.8701731239310421,1,61,19242
1140,IT,583,0.8333646548800774,1,80,42382
1141,HR,1787,0.5546362325579186,6,63,12050
1142,IT,541,0.6562317386045726,6,52,39732
1143,Finance,327,0.8808776508319506,5,65,19643
1144,Sales,1753,0.9229421805627005,3,72,13663
1145,IT,1264,0.6763071178689715,9,58,13527
1146,HR,1256,0.7647630882063463,10,63,36134
1147,IT,796,0.941955846661046,4,81,27180
1148,HR,1026,0.8677004277973381,8,64,34920
1149,HR,153,0.5952012690039344,10,59,14834
1150,Sales,255,0.6638504389803617,2,66,28230
1151,Marketing,1385,0.7309890077095649,8,87,30581
1152,Sales,906,0.9187730292614897,7,74,35515
1153,HR,606,0.8332825031137776,3,82,44139
1154,Marketing,1553,0.8218308633842499,1,66,47362
1155,Marketing,1772,0.669531798804176,7,58,40856
1156,IT,157,0.8230631654362601,2,77,22313
1157,Finance,905,0.7433783360355399,1,79,49326
1158,Marketing,1768,0.930553721754654,4,83,5975
1159,HR,732,0.8660159190355678,5,91,16848
1160,HR,755,0.9369700059615658,8,84,22328
1161,Sales,1209,0.8512780641528754,4,77,7347
1162,Marketing,856,0.9219091781398605,6,60,37098
1163,HR,203,0.9510538040382712,11,94,35066
1164,Sales,1073,0.941474206133856,8,73,39725
1165,HR,1545,0.9717035545016314,8,91,15528
1166,Marketing,352,0.9421444183769305,8,51,25686
1167,IT,1928,0.6561188064816152,8,56,22316
1168,Marketing,778,0.8481351444699217,7,78,6897
1169,IT,1274,0.6055411822436401,3,86,46795
1170,HR,484,0.5312215403698073,8,63,44627
1171,Finance,172,0.9194837922440179,2,79,19145
1172,HR,379,0.965387342140193,10,66,42101
1173,IT,1716,0.5575497758383317,1,57,36373
1174,Finance,318,0.7564819404844223,9,77,21858
1175,Finance,1402,0.6301719748843402,7,63,11694
1176,Sales,703,0.7530630869564635,7,70,24003
1177,Marketing,1463,0.6998484677797545,6,65,35529
1178,HR,669,0.672107448519921,1,89,43155
1179,Marketing,1753,0.6917673139201053,7,77,20757
1180,HR,1212,0.963141081422705,3,78,33389
1181,Finance,1219,0.6624849267984727,2,81,12156
1182,HR,1058,0.9708849957550316,6,84,24670
1183,Marketing,1006,0.5692925548391542,9,77,7115
1184,Marketing,15,0.7947003801675041,5,54,41930
1185,Finance,1936,0.8774109616185617,1,72,49015
1186,Marketing,785,0.9404980775669561,9,95,14152
1187,Finance,139,0.8712384806288307,6,92,45101
1188,Finance,1901,0.8265299577530718,9,56,36552
1189,HR,1155,0.5862409934856433,3,68,29386
1190,HR,1854,0.6170933203268696,9,80,9051
1191,IT,1065,0.8416088964422073,10,95,32839
1192,Sales,1967,0.9513266737481064,8,89,20729
1193,Sales,182,0.9267050466550416,2,80,47709
1194,HR,1618,0.774636760097234,1,79,15888
1195,Sales,1530,0.7873580916570619,7,77,49476
1196,Sales,1782,0.9708158128944159,5,78,20896
1197,IT,1531,0.5468440511349263,6,68,31435
1198,Sales,825,0.9177944367573192,3,71,19848
1199,Sales,1819,0.8970434520025511,7,83,48537
1200,HR,1631,0.5435505963830521,5,99,18389
1201,Marketing,118,0.6144967049033334,7,66,6432
1202,Marketing,451,0.7904146897650504,2,67,26869
1203,IT,1402,0.8100552436132633,2,84,5010
1204,Sales,648,0.8633926221681393,1,71,13672
1205,HR,217,0.730246411297211,8,82,12179
1206,HR,852,0.6960337974156783,8,99,7634
1207,Sales,1677,0.7371150477283326,4,60,19743
1208,Marketing,153,0.591030741691381,10,87,36478
1209,Marketing,1833,0.780199200558469,3,66,24551
1210,IT,453,0.634251059584042,9,76,32822
1211,Marketing,899,0.6661419417478767,2,74,29471
1212,HR,363,0.5684536421834865,5,97,45724
1213,HR,1221,0.7471153841863144,8,53,43607
1214,Marketing,1480,0.968833431906295,7,83,43685
1215,Marketing,1305,0.6911947921318784,8,63,41062
1216,IT,1720,0.6453696961903428,7,60,42717
1217,Finance,368,0.9823647441582664,5,60,19786
1218,Finance,1411,0.5303057935221414,2,60,24196
1219,Marketing,1180,0.7504638931667709,7,73,11087
1220,IT,969,0.8356895993478477,11,94,38651
1221,Finance,816,0.8433513716519145,11,92,38692
1222,Marketing,1799,0.9735570015772701,8,83,7214
1223,HR,1647,0.9265339700302924,3,60,14330
1224,Sales,388,0.9820444136156323,11,59,14490
1225,IT,187,0.9539647880561786,7,95,24622
1226,IT,584,0.8128065958972612,9,67,32985
1227,HR,402,0.5138360849857821,1,73,46410
1228,Sales,1044,0.8028994316417735,3,98,42455
1229,IT,1707,0.8176654612007116,8,97,22477
1230,HR,1567,0.5577279734662117,2,67,23876
1231,Marketing,1134,0.9707887831914086,4,98,13823
1232,IT,1588,0.6515546827126435,2,63,26634
1233,HR,775,0.8733598462660628,2,96,12517
1234,Sales,1733,0.7243013978132911,4,56,24748
1235,Finance,1785,0.668380464307115,4,81,22296
1236,Sales,1866,0.8558695404587848,2,50,16922
1237,IT,1646,0.7806328742260114,3,87,48966
1238,HR,424,0.9919940655428893,1,72,36883
1239,Marketing,235,0.9624031704054476,8,67,28768
1240,IT,1058,0.6186798632543724,4,92,35143
1241,IT,222,0.9961528784288914,1,56,23897
1242,Sales,440,0.6739049371245398,7,90,29443
1243,IT,1892,0.5194021215742903,10,63,9664
1244,IT,25,0.8926346240002576,10,76,37587
1245,IT,151,0.7877118996096674,5,99,10349
1246,IT,376,0.9775921823771578,10,64,36156
1247,Sales,1665,0.8678585134816794,8,66,24767
1248,Marketing,716,0.9321909763613598,1,62,14071
1249,IT,795,0.9194213575356379,8,94,16522
1250,Sales,572,0.8663789885371063,4,82,30156
1251,IT,41,0.8405438902968017,5,61,32322
1252,Marketing,1561,0.7426295976495727,5,80,22989
1253,IT,494,0.8300061546364834,7,85,8292
1254,Sales,215,0.595760995413371,2,93,29856
1255,HR,1484,0.7899826914942993,10,95,13187
1256,Marketing,1600,0.5247583121288146,10,83,9664
1257,IT,1127,0.7670466161272204,4,50,20026
1258,Sales,1520,0.9922099253389238,6,92,44787
1259,IT,919,0.843299619779261,2,55,23333
1260,Finance,1834,0.5254039301261619,6,97,29862
1261,Marketing,748,0.7047377131235284,7,94,45287
1262,Marketing,1607,0.8454212223469496,5,99,5416
1263,Finance,995,0.9346642005075598,10,73,30201
1264,Sales,141,0.8953524763749694,3,97,36900
1265,Sales,1302,0.5206346970226684,1,56,32567
1266,HR,1178,0.6892566603298431,6,70,44217
1267,Finance,1698,0.7306578721316748,4,89,26886
1268,Marketing,473,0.9317672772162934,11,99,6702
1269,Finance,1980,0.559592331254724,7,70,28953
1270,HR,1270,0.6116354598861677,9,98,38740
1271,Sales,817,0.7061172378432021,3,91,19379
1272,Sales,489,0.8056549148088034,9,83,30855
1273,IT,782,0.5333403992887891,2,82,14599
1274,IT,63,0.8509836372304309,1,61,26460
1275,IT,64,0.6779716750122293,5,67,37220
1276,HR,1179,0.6478844362224752,8,75,48940
1277,IT,555,0.6572349098363672,3,69,15758
1278,Marketing,258,0.8190879079973514,3,70,8762
1279,HR,1561,0.836138448081587,9,86,45174
1280,HR,23,0.6402998268484168,5,83,21707
1281,IT,206,0.8783879748429461,9,80,39626
1282,Marketing,1174,0.9311382932488786,4,89,14341
1283,Marketing,331,0.8630293574410978,4,54,14802
1284,Marketing,1699,0.7304392282396326,11,79,6608
1285,HR,1857,0.6446198058472445,4,89,39550
1286,HR,758,0.5547018059261013,6,78,19579
1287,Sales,1218,0.7528915355184386,5,79,6233
1288,Finance,712,0.7242136807930172,1,75,31331
1289,Finance,415,0.5668762104872671,7,79,38522
1290,Finance,339,0.6994361273091376,1,62,24942
1291,Marketing,257,0.9401367925824565,8,51,6555
1292,Finance,1304,0.9137716848616669,4,62,34178
1293,Finance,1769,0.6679357879270528,6,82,15243
1294,Marketing,637,0.7493354873027889,2,71,18398
1295,HR,32,0.7580886652147318,6,96,37738
1296,IT,1009,0.8943508771419091,2,99,13939
1297,Marketing,905,0.8327962024548384,3,61,18212
1298,IT,97,0.6657747577055351,8,63,13976
1299,Marketing,962,0.8060182754376441,6,77,33042
1300,Finance,487,0.680430408411604,1,92,34193
1301,IT,1183,0.7159684927316654,2,87,45299
1302,Marketing,1328,0.6409542585435632,6,67,28367
1303,IT,470,0.8157943030627118,1,60,48144
1304,Marketing,898,0.8118966087603443,2,66,33939
1305,Sales,1183,0.8812399849864715,5,55,43963
1306,HR,754,0.5861052151777537,6,51,41519
1307,Finance,1073,0.624338525308711,2,77,35650
1308,Marketing,1468,0.5210418812472607,8,70,25866
1309,Finance,564,0.9612075018088623,6,95,43540
1310,Finance,1169,0.8593445606408842,10,64,39288
1311,Sales,51,0.8969692202957884,1,75,17101
1312,IT,1608,0.5238718943475169,1,53,7611
1313,IT,557,0.6054028913589262,11,64,32905
1314,IT,776,0.6425837127574394,3,62,32256
1315,HR,810,0.8019717953477223,3,67,20326
1316,Finance,868,0.94499640430883,3,95,10473
1317,Marketing,975,0.5469926900717765,4,61,23620
1318,Sales,434,0.911681849200541,1,77,47972
1319,HR,32,0.9349459662533344,9,53,15787
1320,Sales,858,0.8484769313357595,3,71,34241
1321,IT,591,0.9010563245213568,8,64,26398
1322,HR,542,0.5662296206852244,2,93,12672
1323,Finance,196,0.5298730902342657,2,59,35258
1324,Finance,1590,0.7818295374167623,7,93,48463
1325,Sales,527,0.8519042165556102,1,84,8465
1326,IT,1054,0.9277261219382305,4,52,20030
1327,IT,1772,0.6347361562710816,8,64,22262
1328,HR,1341,0.9577894724458247,5,92,6641
1329,HR,1107,0.6966169140991412,3,68,47387
1330,IT,727,0.9915901923492871,1,77,40908
1331,Finance,757,0.6090817134932127,3,94,29748
1332,HR,1984,0.5059049377901481,1,67,47516
1333,Marketing,1134,0.5645558229714519,4,90,33414
1334,Sales,103,0.6867010603896208,5,97,41912
1335,HR,1276,0.5314554254773024,2,92,32001
1336,Sales,412,0.9090754586926052,6,74,32914
1337,HR,1921,0.7776153873433943,11,61,43425
1338,HR,1940,0.6187003491362858,11,63,45025
1339,Marketing,1401,0.5666698725087123,9,92,36772
1340,Marketing,134,0.9900711529243047,3,57,17832
1341,Finance,1305,0.8862803203575839,9,77,36061
1342,Sales,537,0.5163257417329248,6,91,10534
1343,Sales,1203,0.9163221233311305,7,67,47600
1344,Sales,282,0.8482149272760258,1,72,21196
1345,Marketing,1869,0.8799100826597359,2,81,46327
1346,Sales,1289,0.9327836008311952,8,73,20236
1347,IT,1206,0.8906147203065566,7,96,43317
1348,Finance,1920,0.7851404552148536,4,97,49879
1349,HR,1744,0.8648453808294737,10,95,20245
1350,Finance,773,0.5859229975853736,10,92,10024
1351,IT,1999,0.7026849668027726,2,51,7935
1352,Marketing,1779,0.5946114914809016,2,88,15835
1353,HR,1470,0.6205150488525442,3,56,39604
1354,Marketing,1524,0.7967309773613609,5,82,48042
1355,HR,283,0.9987420390487058,5,76,12946
1356,IT,509,0.7439372935045421,9,80,13526
1357,Finance,736,0.9614460041049466,7,61,25341
1358,IT,547,0.795248160392154,10,61,13624
1359,IT,682,0.7241247968876063,3,80,6212
1360,Sales,219,0.9474150441836382,3,78,42997
1361,Marketing,809,0.6058478699327687,9,61,34990
1362,Marketing,397,0.9678962993451825,1,85,31510
1363,HR,1099,0.7513850562827653,9,73,40660
1364,Marketing,1838,0.5261813577437382,9,65,15033
1365,Sales,1280,0.563128440698718,8,65,47648
1366,Finance,1307,0.8140281673093055,7,51,25989
1367,IT,846,0.6784792936539059,5,94,48145
1368,IT,431,0.5213851644350738,5,74,48754
1369,Finance,604,0.7856062487201562,9,81,24608
1370,IT,1578,0.7577837622548143,3,97,17134
1371,Finance,191,0.809795259413362,2,88,25057
1372,Marketing,473,0.7289664914682881,6,52,40263
1373,Marketing,874,0.6666775313949435,7,85,15987
1374,Sales,1932,0.9890360767822951,6,98,14356
1375,Marketing,1935,0.5179456112783667,11,78,22957
1376,IT,10,0.5111897459197172,2,98,9183
1377,Marketing,1646,0.5820677131476566,1,59,8785
1378,Marketing,531,0.6692862412191409,1,84,20888
1379,HR,1769,0.713246081659092,11,62,27422
1380,Finance,863,0.8791268593202686,5,53,34959
1381,HR,735,0.575277185325394,4,52,40640
1382,IT,136,0.5143007774587693,11,84,12651
1383,IT,1006,0.6320260082742215,11,67,27397
1384,IT,398,0.5483532070581992,2,80,39301
1385,IT,68,0.7418287551327288,6,51,8979
1386,IT,139,0.5531122892616256,1,96,29292
1387,HR,1434,0.7136746821508193,2,97,29295
1388,IT,1262,0.7370042036815871,11,55,36527
1389,Sales,865,0.9642205491457283,4,92,18561
1390,IT,847,0.8308692712427543,10,94,26260
1391,HR,1876,0.8988418571598722,3,50,27596
1392,HR,756,0.619198981415904,5,76,23074
1393,IT,1982,0.9866308829402717,8,92,24174
1394,IT,1127,0.6168211715360473,4,94,22484
1395,Finance,339,0.5422637649450615,3,80,40423
1396,Sales,1961,0.8907637612714259,4,95,17529
1397,Finance,230,0.7525515928119526,6,75,17293
1398,Sales,1730,0.7450713237221183,7,86,32368
1399,HR,1660,0.8994770110473471,1,97,11202
1400,IT,1004,0.9316782823945251,4,67,16064
1401,Sales,594,0.7210585749046516,3,89,45671
1402,Sales,1900,0.7186589238856135,5,70,25482
1403,Sales,1017,0.7134374949303983,9,74,16612
1404,HR,895,0.9471720137300672,9,95,7489
1405,Marketing,374,0.712046578702993,4,63,27503
1406,Marketing,1174,0.6547478355491905,5,65,5037
1407,HR,67,0.963880662404924,3,96,29947
1408,Sales,1739,0.6802202934035176,8,65,24330
1409,Sales,1396,0.6951838425054678,7,82,8647
1410,Finance,1280,0.5883821455467442,6,87,11766
1411,IT,99,0.8986250733652372,4,90,47636
1412,IT,1823,0.5977826296217437,7,81,26857
1413,IT,988,0.5277108472620693,11,96,17870
1414,Marketing,772,0.8644548390001099,1,94,48017
1415,Marketing,1399,0.5540147171266632,11,91,21883
1416,Finance,1937,0.7264899749283947,11,73,25868
1417,Sales,1740,0.5364962919402798,9,86,9121
1418,Finance,1681,0.6818605256778119,2,59,25817
1419,HR,1944,0.8016199859823073,8,55,30549
1420,Sales,849,0.6162222396171382,7,99,36346
1421,HR,1824,0.8967583244980335,11,94,34020
1422,IT,373,0.5210843836292891,9,50,7967
1423,HR,1397,0.7731513543822814,10,96,31912
1424,IT,344,0.6656352575039076,4,53,15632
1425,Sales,332,0.7820539840839871,6,55,32356
1426,Marketing,1287,0.7225395851181269,2,95,7779
1427,HR,1082,0.5121219123311135,9,65,30710
1428,Sales,1025,0.69944560331847,2,52,17588
1429,Sales,51,0.5770525142851906,1,95,32744
1430,IT,579,0.6708804613963855,5,85,43111
1431,Marketing,694,0.6228915517089174,10,92,39899
1432,Finance,2000,0.692037264990492,8,72,33147
1433,Marketing,374,0.6037341195522561,2,58,43969
1434,Finance,864,0.5070528311734401,1,62,7344
1435,Finance,440,0.7228048673555567,10,58,42236
1436,HR,1192,0.8748341734632965,7,69,40538
1437,IT,291,0.5682060852477208,9,96,29357
1438,Sales,398,0.8377934592521633,1,60,35293
1439,Sales,541,0.8670982594407255,8,79,32682
1440,Marketing,41,0.7503761390377557,9,93,43784
1441,Finance,1683,0.9437688934538524,9,74,12905
1442,HR,1154,0.7909800597226004,2,67,34455
1443,Sales,1288,0.6135220505296183,8,55,41775
1444,Finance,1973,0.554613626668685,7,86,35450
1445,Sales,568,0.5012680573484266,6,52,11238
1446,Marketing,923,0.6404104064093519,10,70,26167
1447,IT,493,0.5186899183362592,1,56,24439
1448,Sales,32,0.5950034335167769,7,91,25833
1449,HR,15,0.6874727194623284,3,93,30250
1450,IT,558,0.9075713707942228,2,56,5750
1451,HR,1190,0.9874866681963307,9,64,36096
1452,IT,884,0.9473856313429971,11,86,31921
1453,Finance,160,0.9784906922552946,11,94,11801
1454,Marketing,714,0.5290898306730021,2,81,15806
1455,Sales,1672,0.6151739821003828,11,68,29589
1456,HR,1811,0.5481592967274249,9,65,33168
1457,HR,26,0.5144267747221734,5,89,24877
1458,Marketing,1609,0.6024072508680418,3,64,24887
1459,Sales,1159,0.6224026769914259,1,64,28647
1460,Finance,1404,0.8100225888920544,1,94,19334
1461,Marketing,1986,0.5765494455072893,5,77,6314
1462,Finance,612,0.938086957491375,5,68,17124
1463,Marketing,998,0.7058986520999943,9,55,15575
1464,Marketing,1135,0.7859926492006827,4,72,16743
1465,Sales,1825,0.7024434847806107,4,57,30296
1466,Finance,202,0.8506978703525527,2,89,49215
1467,IT,1488,0.6304099572316948,4,81,42128
1468,HR,186,0.6432073037820962,7,59,38809
1469,Marketing,1277,0.6824168400106176,10,83,33341
1470,Sales,1527,0.6337039605243932,10,85,40920
1471,HR,1990,0.8952579582568077,2,97,11616
1472,HR,904,0.8601869871091349,7,59,40348
1473,HR,1710,0.7785494727136435,5,69,21697
1474,IT,1399,0.596879734945128,10,79,6638
1475,Finance,1709,0.7819996434995764,9,97,44293
1476,Finance,1393,0.8233873319808377,1,91,17090
1477,HR,804,0.7479091436206448,7,96,49238
1478,IT,320,0.5855400879244768,5,89,23877
1479,Marketing,1298,0.808111836440297,9,68,25884
1480,Finance,1874,0.9577305284123345,11,66,29616
1481,IT,810,0.9648407412224156,10,53,23245
1482,IT,1282,0.9951348868169698,9,91,46880
1483,Finance,235,0.5037556343927309,8,75,14869
1484,HR,1325,0.9818189205202947,10,98,18173
1485,Finance,256,0.5506310175797207,4,99,13978
1486,Sales,53,0.9158074359068574,10,84,28581
1487,IT,1303,0.8751663375681716,2,59,26327
1488,HR,674,0.8112018588672305,3,77,21135
1489,IT,1830,0.704490614167342,3,89,14651
1490,IT,1898,0.6535690168270738,3,63,30808
1491,Finance,1606,0.7750414445175238,3,58,28196
1492,HR,53,0.9008659151987413,10,57,23401
1493,IT,1307,0.8832271322985397,9,77,7258
1494,HR,1952,0.7863359884729968,4,93,44227
1495,IT,1914,0.913379240665162,3,95,20360
1496,IT,146,0.9894967854605272,1,80,44229
1497,IT,239,0.6761226005588323,7,57,40852
1498,Sales,252,0.8001258455698315,10,88,43664
1499,Finance,1805,0.8459010805447621,2,73,18615
1500,HR,782,0.7379837576299351,5,87,44220
1501,Marketing,137,0.7977888961398713,9,85,29615
1502,IT,118,0.5403734931524952,4,55,30246
1503,Finance,787,0.7386540565322484,8,98,6443
1504,Finance,857,0.7021843614702564,11,97,33658
1505,IT,1012,0.5830278793695634,10,80,25847
1506,Marketing,1469,0.7268258392215114,10,61,6079
1507,Marketing,1410,0.5818518048204253,9,57,13127
1508,Sales,1242,0.6164810178339415,6,80,38163
1509,HR,1091,0.5261095055389706,10,82,9215
1510,Finance,1974,0.7369305248158442,4,69,31818
1511,IT,325,0.7983024276927565,8,93,19800
1512,HR,1741,0.5561080801360541,1,86,26889
1513,IT,398,0.5495162319772611,5,72,32958
1514,Finance,1870,0.6411002378526047,3,66,11866
1515,Sales,1596,0.7705276489172785,7,54,33400
1516,Finance,1366,0.6501571581420693,8,72,22445
1517,Sales,1491,0.7693027100835582,11,52,5860
1518,HR,1692,0.7851532011632627,6,90,41539
1519,IT,787,0.5665357151448962,1,61,13084
1520,IT,22,0.6698215939445644,9,61,16085
1521,Marketing,1760,0.9287584913348665,4,70,19759
1522,Marketing,926,0.9061720737608343,4,75,41429
1523,IT,59,0.7719250520414707,8,58,21852
1524,IT,521,0.9295388100183044,3,92,39699
1525,Finance,1027,0.9706414167602766,1,64,42775
1526,IT,1286,0.8413078481704448,10,64,20163
1527,Finance,1610,0.8540624205350308,10,79,27390
1528,Finance,476,0.5526903063815555,10,76,40685
1529,IT,940,0.5875379519548418,7,89,29804
1530,Marketing,144,0.7508670985371009,5,79,16376
1531,Marketing,1227,0.8928228689046817,2,73,25016
1532,IT,1456,0.551454810652367,11,97,39124
1533,HR,947,0.5637438885364843,9,99,40901
1534,Finance,714,0.5681686224941561,2,81,29076
1535,HR,1849,0.8426241980402936,3,97,37756
1536,Finance,1638,0.7081437695495876,7,51,25496
1537,Marketing,1262,0.5563677919998475,8,84,28555
1538,Sales,524,0.873907538771694,3,74,41495
1539,HR,607,0.5051821482773282,9,55,13357
1540,Marketing,524,0.9207145303412001,2,87,48445
1541,Finance,755,0.5211104952647898,4,99,15141
1542,HR,463,0.8056307618490559,8,64,37836
1543,IT,1208,0.7596283702853699,3,63,34448
1544,IT,443,0.5090373285117997,11,71,38324
1545,Sales,342,0.8040153209839457,11,70,17400
1546,Sales,794,0.9381530905549273,10,90,39487
1547,HR,89,0.6700394914338655,9,50,20654
1548,IT,709,0.8352666947230064,4,91,34940
1549,HR,601,0.9371381015934789,6,86,42165
1550,Sales,1172,0.8206602619495726,5,97,35637
1551,IT,342,0.9192310373388592,6,62,14442
1552,Sales,807,0.6857950638257556,10,77,22567
1553,Sales,1855,0.889888976878706,8,93,9012
1554,Finance,1867,0.998665887329216,2,65,26601
1555,Finance,1189,0.7479165226948601,1,92,39426
1556,Sales,1924,0.8543020114252826,7,60,42593
1557,Sales,1154,0.7669027527963832,8,59,7032
1558,Finance,1691,0.8573882102169387,3,51,27849
1559,Marketing,356,0.8492257595673165,1,63,47048
1560,Finance,174,0.5623550585142609,8,75,39908
1561,IT,1574,0.8164425386017607,7,81,27416
1562,Finance,580,0.754448285943679,2,76,46083
1563,Sales,357,0.7228226061863728,11,83,40604
1564,Sales,702,0.9050987201595251,5,98,27704
1565,Marketing,997,0.5742001251870066,10,87,8377
1566,Sales,684,0.8049325471047009,8,81,22110
1567,IT,757,0.5704859916423526,3,83,9391
1568,IT,303,0.5389784553098884,8,87,27842
1569,Finance,1750,0.572174013942194,8,54,48410
1570,HR,1675,0.807147871178343,6,69,45859
1571,Sales,633,0.7522211844060882,1,80,44408
1572,Finance,361,0.9722884947330774,6,75,25908
1573,HR,1481,0.7105406587925873,11,65,27466
1574,Sales,1010,0.5974899657642351,4,61,23120
1575,IT,1599,0.5107035385085725,7,71,38795
1576,Marketing,628,0.5415902108727809,4,90,25846
1577,Sales,554,0.9033259804039693,8,83,27471
1578,Sales,796,0.6398191117743168,10,92,5866
1579,IT,1683,0.8338176009976411,1,62,7323
1580,Finance,128,0.792392447634019,3,88,9515
1581,IT,589,0.9623624869247631,6,84,7330
1582,HR,1959,0.7708856313092087,8,74,32913
1583,IT,434,0.9851196258129817,8,62,14005
1584,Finance,73,0.8448959600928363,11,53,44652
1585,IT,834,0.6947079192383135,11,75,9143
1586,IT,1222,0.8688122964032754,7,93,19674
1587,IT,1420,0.7573175960607752,6,67,45888
1588,IT,390,0.8898949949500002,10,98,44638
1589,HR,1945,0.7350400980426024,7,55,30203
1590,Marketing,812,0.6118389079937674,3,90,38707
1591,HR,1569,0.7496387469607855,3,54,42808
1592,Finance,1813,0.9500872540986437,10,73,31047
1593,Finance,1968,0.549988412508645,2,96,13435
1594,Sales,222,0.638763404518193,1,93,34868
1595,Marketing,776,0.7037914242240346,9,98,33356
1596,IT,1371,0.6789531553578617,8,98,49538
1597,Finance,1080,0.9811414199649899,2,85,36879
1598,Marketing,166,0.7664354874437265,9,86,39046
1599,Sales,1614,0.9820630567636226,11,54,20784
1600,IT,135,0.6670973884655661,11,52,16905
1601,HR,1822,0.5624310438290638,4,62,5292
1602,Sales,214,0.6059091912085823,6,72,9142
1603,Marketing,261,0.9284281563364618,7,57,23918
1604,Finance,1936,0.5243131692394021,8,64,32897
1605,IT,1308,0.5667884713403316,5,64,17961
1606,Marketing,1945,0.8907317527046621,4,81,16134
1607,Finance,317,0.5673859250430695,10,70,37441
1608,Sales,391,0.8408024885542414,4,53,12722
1609,IT,1403,0.8806473966305162,4,53,41740
1610,Finance,747,0.6375610844915138,6,78,12317
1611,IT,609,0.8406278847277435,10,95,44094
1612,IT,44,0.589553988257024,10,56,29316
1613,Marketing,213,0.5822381141568072,6,52,17101
1614,Marketing,1640,0.685023433777882,9,96,21784
1615,Finance,451,0.6443431154201305,9,84,11935
1616,HR,1607,0.8915630105509291,4,57,34193
1617,IT,432,0.8193459585504925,10,91,25068
1618,HR,1379,0.949891097131194,1,93,31085
1619,Sales,1555,0.7674585339001647,4,55,24354
1620,IT,1813,0.6418261158118486,7,84,13317
1621,Finance,260,0.6638177891380184,5,80,32084
1622,Marketing,742,0.917415854174966,2,87,12087
1623,Marketing,1809,0.5204877470726234,6,83,21027
1624,IT,1626,0.9236090962882523,5,56,38540
1625,IT,195,0.5627761522816875,2,67,46188
1626,IT,1208,0.6072914909188464,9,73,39178
1627,IT,1976,0.7148715069302292,7,58,29682
1628,Finance,1711,0.8826079583057369,10,50,47664
1629,HR,1496,0.8726766655081272,6,85,13109
1630,IT,750,0.572218789491844,1,71,41627
1631,Sales,203,0.9775970990814817,1,85,9293
1632,Marketing,461,0.6549558546057951,7,92,21254
1633,IT,81,0.548901501532159,2,72,14539
1634,IT,1033,0.6545727965549133,4,83,29232
1635,HR,1204,0.968196239216466,6,74,14897
1636,Finance,1429,0.9567328769017611,4,61,41001
1637,Marketing,1363,0.5384295414807803,7,76,38958
1638,Marketing,716,0.6497571591144717,11,93,35897
1639,Finance,1721,0.7580856214236291,7,66,16376
1640,IT,249,0.6444854956029968,7,98,46785
1641,Sales,796,0.6427142696676089,4,70,18493
1642,Finance,880,0.6533531788124112,1,94,25791
1643,Marketing,1528,0.9179654648080278,11,64,6160
1644,HR,918,0.771787389975418,4,95,27148
1645,Finance,578,0.6835553370943754,5,59,16077
1646,Marketing,1075,0.5581402092745185,2,58,34526
1647,IT,1517,0.8335845848519062,6,95,31800
1648,HR,412,0.7923066326955033,6,69,43349
1649,IT,1552,0.608852601389872,11,50,30733
1650,HR,1742,0.8448561917272599,3,61,49489
1651,Marketing,208,0.7439553818056677,9,54,11169
1652,Finance,1341,0.5656007473411403,11,52,35305
1653,IT,55,0.9652713041778034,2,62,42328
1654,Marketing,78,0.8768148431557021,1,83,46162
1655,IT,1216,0.9986398973981532,4,86,15272
1656,Sales,1235,0.5729150572431868,9,64,5227
1657,HR,866,0.8442826554482687,3,65,20488
1658,Finance,581,0.8227488517994019,8,75,29478
1659,Sales,380,0.6234784689305946,1,78,46766
1660,IT,1407,0.904706958508916,5,95,27619
1661,IT,765,0.5825663921478211,9,93,40665
1662,Sales,1793,0.7994344251077432,9,54,23718
1663,IT,1289,0.7838792518938295,5,61,11450
1664,Marketing,1233,0.6438098432072328,8,79,45659
1665,Marketing,1038,0.6366884200793448,1,51,19401
1666,Finance,1717,0.9161342406427004,7,83,15323
1667,IT,929,0.5467469535998761,10,96,16325
1668,Finance,621,0.74329859172655,8,57,45264
1669,Sales,1570,0.587243394262664,4,79,18215
1670,HR,947,0.5723332535698324,4,83,13585
1671,HR,1484,0.5087287354204656,8,86,31774
1672,HR,1696,0.6278466733058714,4,71,31877
1673,Sales,1080,0.9771565094980994,10,85,43055
1674,Sales,290,0.5460819869811664,6,78,31698
1675,IT,1299,0.9862508993308379,6,63,37018
1676,Marketing,152,0.7758992220893135,10,50,49846
1677,HR,1249,0.5794593419693099,5,82,39225
1678,Sales,1420,0.7609538216438405,7,63,49838
1679,Sales,83,0.897172293269599,5,63,47486
1680,IT,1021,0.7040980281168665,11,79,13698
1681,IT,771,0.654752457238245,9,75,45767
1682,Finance,651,0.8018194056669852,11,58,14033
1683,Finance,1807,0.8364319872153639,5,98,6360
1684,Sales,1938,0.7552810218266234,1,81,26863
1685,HR,1695,0.8717424577243875,6,51,44847
1686,Finance,245,0.5903565965917243,7,68,37920
1687,Marketing,1208,0.6996472036101047,11,72,26182
1688,Sales,1087,0.5895708737743948,6,69,36652
1689,Marketing,173,0.5527318289922443,6,97,42053
1690,Marketing,509,0.809459179805459,2,71,22969
1691,HR,1522,0.5089332948863283,2,54,9298
1692,Sales,1087,0.5675428682318107,3,69,15492
1693,Sales,1317,0.9104724101217123,4,79,39177
1694,Marketing,889,0.8185055953518856,11,75,9230
1695,Marketing,741,0.8674043452664781,9,88,14423
1696,Marketing,1974,0.8907456407453634,7,84,49897
1697,IT,1673,0.5252202765876735,9,95,47858
1698,Finance,1807,0.9719530760424909,10,53,40868
1699,Finance,1155,0.6027088042506457,5,64,28072
1700,IT,1620,0.7484121075766729,9,60,5117
1701,IT,1178,0.6391441505290512,6,53,29962
1702,HR,1172,0.6454907904668346,3,53,15519
1703,Sales,1169,0.5285328832287339,4,82,6086
1704,Finance,794,0.9023462837945169,10,60,34080
1705,Finance,1881,0.8883244873407488,4,72,25917
1706,Sales,1803,0.5302937297765102,9,78,35006
1707,Marketing,978,0.8536534584350163,5,74,11188
1708,Finance,438,0.6266443542698906,4,84,12066
1709,Sales,1130,0.924688067756926,5,89,42352
1710,Marketing,290,0.739321076555799,9,56,48007
1711,Sales,1342,0.5256002049235584,7,91,23766
1712,HR,523,0.6860429519053047,1,64,39548
1713,IT,1050,0.9406003382525152,3,65,16754
1714,Finance,1152,0.6183051360204136,7,63,19318
1715,Finance,726,0.6285636459736125,10,75,45337
1716,HR,1058,0.6632990183518843,3,99,23825
1717,IT,884,0.871094489935256,7,55,31445
1718,HR,1101,0.9118340010078524,1,88,43037
1719,HR,502,0.935302431911953,5,94,39643
1720,Marketing,701,0.5304162164749304,4,59,25673
1721,IT,494,0.7521785266681602,2,82,49572
1722,Finance,684,0.9957336849936131,9,65,11857
1723,HR,114,0.6087528071452082,5,72,13856
1724,Finance,140,0.765907897001291,11,55,37475
1725,Finance,1363,0.7859827583792129,6,81,10510
1726,Marketing,843,0.5938080047535865,8,73,31473
1727,Finance,1391,0.920805947791478,7,94,7642
1728,IT,1797,0.7187803967857278,1,58,26282
1729,Finance,449,0.7588200552807988,6,65,12243
1730,HR,428,0.7988740109198688,6,66,19584
1731,Marketing,873,0.595553994676212,4,77,6154
1732,IT,1093,0.5258834748951089,1,81,26204
1733,Marketing,1497,0.771911677552134,4,71,43473
1734,Sales,1704,0.9022581237685477,4,61,49770
1735,Finance,159,0.5820169863715214,3,89,16310
1736,IT,1530,0.8210192635160957,2,56,13199
1737,Sales,1496,0.5328076533725437,8,58,40444
1738,Sales,502,0.6055821460111926,4,79,11280
1739,HR,1568,0.8077824795188817,7,57,31750
1740,Finance,1904,0.7738939136996221,9,99,30853
1741,Finance,957,0.8446752078479334,6,93,13061
1742,HR,308,0.5078336660038818,6,84,23704
1743,Finance,333,0.6701228620202722,1,92,6396
1744,Finance,1777,0.8727996904234996,10,67,26121
1745,HR,1453,0.8142570024548259,9,59,16551
1746,Sales,339,0.5826707527276778,11,63,18076
1747,Finance,1381,0.9600401385147318,9,69,10431
1748,Finance,508,0.9758777904359436,7,89,48147
1749,Marketing,781,0.5433744271624268,3,76,20249
1750,Finance,19,0.7646994229992645,7,78,32672
1751,IT,766,0.5130335938264408,11,79,32494
1752,HR,604,0.8134116327090253,10,99,41256
1753,IT,1334,0.7169169112771644,8,73,11052
1754,IT,268,0.5449315718576265,8,55,33381
1755,Finance,903,0.689489699901342,1,57,21595
1756,Finance,1457,0.9796758070593609,6,72,10008
1757,Marketing,1912,0.740687728954219,3,64,43545
1758,Marketing,328,0.7618933419749645,10,76,17108
1759,Finance,414,0.7551403225628865,3,89,33937
1760,Marketing,1386,0.6970956199022571,4,98,26260
1761,Marketing,260,0.8437502317986634,8,56,37495
1762,Marketing,1197,0.8587009341245716,5,80,23420
1763,Sales,1266,0.844901013192643,1,72,46381
1764,IT,311,0.654426283667698,1,85,19538
1765,Sales,1553,0.9688201630104174,9,81,30125
1766,Sales,967,0.6668087012114514,3,52,22380
1767,IT,1711,0.6498753273630989,11,57,45986
1768,HR,1024,0.9437459811957012,11,91,38945
1769,Sales,1593,0.9482625922844663,4,90,21249
1770,HR,518,0.9196457810146192,10,80,48757
1771,IT,1879,0.6828619427534974,5,97,5235
1772,Marketing,714,0.8506047188911863,2,84,43575
1773,HR,890,0.7599168330956929,2,73,33156
1774,Sales,1204,0.6414676682479559,3,77,29177
1775,Finance,67,0.6167670210564613,9,51,46403
1776,Sales,1615,0.5053073040625444,11,66,36770
1777,Marketing,506,0.6097258172667739,9,63,47041
1778,Finance,749,0.8060807515757591,10,89,27286
1779,HR,705,0.7268729638129295,3,98,42443
1780,Finance,1115,0.5549049363287523,9,62,38541
1781,IT,507,0.7477986121353759,11,81,18545
1782,Finance,1670,0.6582540780569585,8,85,33932
1783,Finance,1397,0.5047227666198363,7,99,14743
1784,Marketing,1057,0.6983273436346145,4,77,31931
1785,Sales,437,0.9532321139085362,5,88,19019
1786,Finance,754,0.7991811324369844,7,93,44254
1787,Marketing,654,0.5030250413729531,10,74,15133
1788,Sales,586,0.9923078200477232,1,92,16327
1789,Marketing,711,0.5482053334619181,4,54,36779
1790,Sales,807,0.7678834695070835,9,97,39643
1791,Sales,399,0.8491795731656441,9,72,33883
1792,Finance,813,0.7150100661873455,11,94,40756
1793,Sales,1017,0.7233324950738331,7,63,35788
1794,HR,1213,0.7579726594601295,11,95,20707
1795,Marketing,125,0.8087295889273973,1,51,46306
1796,Finance,329,0.638610705917331,1,89,22837
1797,Sales,525,0.8581302634657979,9,94,10380
1798,Finance,1025,0.9061744499404388,2,92,34942
1799,IT,551,0.7545110279659254,6,78,17104
1800,HR,881,0.9116698225052715,11,55,17487
1801,Sales,1000,0.6100496431477986,3,89,26262
1802,Sales,1245,0.8125843480682815,2,94,44750
1803,Sales,483,0.586717308308607,2,80,17270
1804,Marketing,1518,0.9913248810028271,5,99,22055
1805,Finance,400,0.9913656350886959,5,72,23720
1806,Sales,1551,0.6147195295623513,9,95,14446
1807,Marketing,1991,0.9934463714067352,8,72,29446
1808,Sales,780,0.6134350112293618,1,82,27499
1809,Marketing,349,0.7488675528442073,4,86,28278
1810,IT,1410,0.549764994604992,4,61,24688
1811,Sales,1103,0.8648743728576849,7,83,5703
1812,Finance,859,0.728059511193144,6,55,29736
1813,HR,551,0.6509817538554943,3,56,29899
1814,Marketing,330,0.9839894312712609,3,72,27099
1815,Finance,115,0.624518530980625,6,85,23026
1816,Finance,1837,0.5757896887558814,3,56,9187
1817,HR,608,0.9873074635309955,11,53,7672
1818,Sales,555,0.8011604052121899,1,88,22919
1819,Finance,565,0.8757470944430508,10,64,44599
1820,Finance,445,0.902279450388396,9,54,13710
1821,HR,1535,0.8353451021001397,8,55,30655
1822,Marketing,1997,0.8249716542209631,2,87,16004
1823,Sales,518,0.8283235542545,5,99,40999
1824,HR,145,0.9899550004215129,2,82,46981
1825,Finance,1106,0.6073460705063719,9,60,25326
1826,Marketing,1748,0.5171602649375848,8,73,19840
1827,IT,457,0.8914248065800455,8,86,47632
1828,IT,260,0.7380719660488133,4,68,43803
1829,HR,383,0.6633990946703775,7,75,30359
1830,HR,1456,0.7538105943875406,10,64,47489
1831,HR,1157,0.9696866494958579,9,73,22980
1832,HR,1277,0.7023890069323588,3,73,26520
1833,IT,841,0.532225621907431,9,99,13894
1834,Marketing,628,0.5216238644822246,7,67,38194
1835,HR,1743,0.8151391056609694,10,86,27859
1836,Sales,1554,0.884992927715933,7,60,44434
1837,IT,626,0.6413942236373258,9,57,16597
1838,IT,1560,0.8171485005982768,8,50,30928
1839,Sales,1371,0.7065154708919266,1,71,49599
1840,Sales,1397,0.7299224541770097,3,89,47896
1841,Sales,398,0.5252868467531522,3,78,13883
1842,Marketing,1775,0.6998931425963015,3,75,25651
1843,HR,406,0.7969021103922368,4,67,23195
1844,Sales,1550,0.6816601441327884,8,55,15910
1845,IT,1425,0.5548368903946393,1,61,40022
1846,HR,1013,0.7482722705999691,8,73,39051
1847,IT,753,0.9387085744834058,2,50,5523
1848,Marketing,223,0.7145207310546107,7,83,28333
1849,IT,283,0.9463636993266817,8,62,31488
1850,IT,200,0.9524882238719823,6,96,12085
1851,Marketing,332,0.6361338524320805,11,63,29307
1852,Marketing,949,0.728482666186163,11,70,6417
1853,Marketing,371,0.5226217084175754,1,55,45631
1854,Marketing,847,0.9567436491682795,4,91,46437
1855,Marketing,557,0.7682501471267154,1,52,40872
1856,HR,130,0.7840325990447292,4,75,42444
1857,IT,164,0.6287574156418372,6,62,9538
1858,IT,1720,0.7433421303818769,10,71,37312
1859,Finance,32,0.7147024976849001,5,79,19324
1860,Marketing,216,0.5097275616733095,8,79,34095
1861,Sales,848,0.5638186145832313,11,96,45574
1862,Finance,1328,0.5037976120274119,1,53,25503
1863,Finance,311,0.9074162092908848,11,72,6930
1864,Marketing,648,0.7474115070315118,10,73,42763
1865,IT,243,0.5913458210028745,10,62,43969
1866,IT,800,0.6568005463631006,7,96,36171
1867,Sales,1383,0.700957186216199,9,52,17423
1868,Finance,737,0.7960192329096301,6,70,7388
1869,Marketing,889,0.6185374019905514,11,92,22227
1870,Marketing,1351,0.6156221594980811,1,78,29732
1871,IT,1964,0.6513843752397281,5,52,45820
1872,Finance,1526,0.7772682163087572,11,54,49551
1873,Sales,1496,0.998015644535125,3,80,41256
1874,HR,1689,0.9160683492043761,8,92,43104
1875,Sales,426,0.9643919966072769,4,86,31682
1876,Finance,1881,0.993340155220031,7,89,10388
1877,HR,651,0.52190958478733,2,97,30049
1878,Sales,1637,0.6758221606854955,1,78,21115
1879,Finance,1052,0.9743106419611962,6,54,42230
1880,HR,1296,0.8179291615114103,5,50,5361
1881,Finance,1729,0.5606319035945333,7,73,24827
1882,IT,1117,0.6306893452125582,6,90,5528
1883,Marketing,120,0.6809683700351475,11,99,39688
1884,HR,1137,0.7254822468862017,4,64,40493
1885,Marketing,1011,0.675927947497173,2,74,31454
1886,Marketing,1688,0.9471319168636863,1,70,16558
1887,Finance,732,0.7171790941641913,5,79,33692
1888,Marketing,489,0.5530994587549465,10,58,23366
1889,Finance,1604,0.8239986312832992,4,82,19411
1890,HR,713,0.6255591834936636,2,95,37167
1891,Finance,299,0.802851677880607,3,97,20276
1892,Sales,1563,0.829695012187047,2,93,36383
1893,IT,49,0.633964022880217,4,63,32439
1894,Marketing,1670,0.8950432949980154,5,87,34559
1895,Finance,1240,0.6277317742330186,2,71,41753
1896,Marketing,151,0.7490902833354304,11,73,27567
1897,Sales,823,0.5616324385676175,1,96,37647
1898,Sales,974,0.8175576057378251,2,80,16384
1899,IT,770,0.9331399341108064,3,85,48464
1900,Marketing,829,0.7268228923181281,11,74,16317
1901,HR,1848,0.6286646984493761,9,61,30451
1902,Marketing,93,0.7031963167907248,11,62,15688
1903,Finance,517,0.5188980893654729,5,65,49989
1904,Finance,781,0.9017315612275798,1,64,25174
1905,Marketing,1128,0.7971259673555681,6,56,37422
1906,Finance,1994,0.9566364947204014,1,95,44539
1907,Finance,320,0.5966328892068137,1,81,29082
1908,HR,591,0.7834749877590114,2,71,45300
1909,Marketing,1158,0.994395564241846,6,98,36940
1910,HR,293,0.8399180974298526,9,96,19143
1911,IT,380,0.8823522744561912,4,74,11942
1912,Marketing,706,0.639803273643266,6,71,34525
1913,Sales,1787,0.8462450379840313,7,66,11050
1914,HR,799,0.8029053420815682,7,99,22567
1915,Sales,1156,0.5759701573655369,7,62,6873
1916,Marketing,1102,0.537455192594088,1,92,41470
1917,Finance,751,0.9794734342020699,11,92,23224
1918,Finance,1298,0.7429999798864785,3,60,24593
1919,Marketing,1305,0.7193829242197334,8,91,48089
1920,Marketing,1093,0.7501868997522679,10,51,15069
1921,Finance,463,0.763364015621419,6,95,13772
1922,IT,1769,0.7150579068700771,1,80,18709
1923,Finance,1748,0.6955120118817517,1,96,26472
1924,IT,536,0.7007769360493417,8,86,22734
1925,HR,820,0.9257572965386276,5,92,42993
1926,HR,1191,0.8188835902393192,1,81,35697
1927,Sales,802,0.8229164271479031,2,99,21203
1928,Marketing,1211,0.5576581167388623,8,93,18826
1929,Marketing,1583,0.6346985695783809,2,54,12309
1930,Sales,1099,0.8837431927601607,10,85,16445
1931,Finance,1363,0.7422342867658412,5,96,24088
1932,IT,673,0.8455161495288124,5,51,29772
1933,Sales,1451,0.786480215318559,11,97,11996
1934,Finance,1777,0.5203058647505905,7,93,48688
1935,IT,210,0.7437339260494051,8,75,28967
1936,Marketing,896,0.7461837481695395,9,61,42048
1937,IT,392,0.7890285466879268,5,77,25152
1938,Finance,984,0.8455037947231956,8,89,49519
1939,Finance,878,0.512969677167491,3,66,15253
1940,Finance,242,0.7054417807493933,10,67,38352
1941,IT,919,0.748213162746663,10,92,7727
1942,Sales,1033,0.9580954521050589,8,57,13125
1943,Marketing,1990,0.8152977132232564,3,92,20754
1944,HR,1562,0.9946582679372213,6,87,28589
1945,Finance,1916,0.8171717934999425,1,62,45203
1946,Marketing,216,0.9692620339988036,11,83,25609
1947,HR,1203,0.9611164360291529,1,67,42389
1948,HR,867,0.5372188663852849,4,78,43731
1949,Sales,1023,0.861772108483547,4,72,24791
1950,IT,623,0.7622072464919565,4,87,23157
1951,IT,205,0.7172200807969312,3,50,11775
1952,Sales,1502,0.6610879688388799,9,50,44863
1953,Marketing,1734,0.8871274109434841,2,98,20877
1954,IT,1274,0.6981083810000135,8,77,37822
1955,HR,1769,0.9458081734816755,10,89,48090
1956,Marketing,1417,0.7783224087486242,7,99,19541
1957,Sales,594,0.8139236628908256,4,57,39645
1958,IT,121,0.5929532718677726,2,91,32337
1959,HR,659,0.8207255658200455,4,54,48577
1960,Marketing,1057,0.8360938592571914,6,95,35172
1961,HR,1343,0.5153655682773637,10,86,42034
1962,HR,784,0.8837442581865615,7,91,12158
1963,Finance,40,0.5832074233812865,9,88,9801
1964,Finance,612,0.7174172029998578,8,93,49933
1965,HR,1382,0.7374894355806829,3,90,45348
1966,Marketing,370,0.7450377644858944,4,84,11944
1967,Sales,535,0.7596992536802549,10,66,34180
1968,IT,1293,0.5678197491090922,10,79,33190
1969,HR,781,0.8598484042481876,7,84,19353
1970,Marketing,1020,0.9289953965170399,4,65,24961
1971,HR,618,0.9579845360110051,2,74,47386
1972,Sales,734,0.6310194294191851,4,74,26968
1973,Marketing,1727,0.9525508414081025,10,84,32346
1974,IT,760,0.7606117563362345,2,75,28808
1975,Sales,1262,0.6605512639812392,9,64,29796
1976,IT,1274,0.8227655720868176,1,94,13006
1977,Finance,1055,0.8303126611190123,6,68,6896
1978,IT,1181,0.8292170384559413,3,92,11021
1979,Finance,1094,0.8002889090820102,7,69,25943
1980,Finance,289,0.645467817664259,1,53,48373
1981,Marketing,614,0.8230497468789227,6,95,37951
1982,HR,470,0.9647078596607253,4,79,43419
1983,HR,1657,0.6609960372468653,2,75,15307
1984,Marketing,1420,0.6492583218444359,5,75,13484
1985,Sales,758,0.508068207290159,6,75,41216
1986,Finance,1039,0.900354197519283,7,65,7266
1987,IT,1132,0.5507418332553852,6,70,12606
1988,Sales,663,0.9401555181683583,2,90,35820
1989,IT,748,0.7077642251412106,2,55,16226
1990,Marketing,1685,0.7001103337732681,3,90,33594
1991,HR,1653,0.5088600466554081,6,93,25888
1992,Sales,1600,0.7472114517060331,6,79,36494
1993,Sales,922,0.7595488955966307,1,88,25775
1994,Marketing,652,0.8198496433300777,2,56,24474
1995,Finance,1225,0.7414380809705126,1,79,6404
1996,Finance,1839,0.9330413352091946,11,52,13768
1997,HR,782,0.8767146813868039,9,50,15835
1998,Finance,807,0.8524334356481202,5,85,26490
1999,Marketing,1120,0.5759729445846633,11,57,13828
2000,Marketing,135,0.542063100283544,9,93,25411
