{"schemaVersion":"1.0","appDefinitionTemplate":{"id":"/providers/Microsoft.PowerApps/apps/","type":"Microsoft.PowerApps/apps","tags":{"primaryDeviceWidth":"1366","primaryDeviceHeight":"768","supportsPortrait":"true","supportsLandscape":"true","primaryFormFactor":"Tablet","showStatusBar":"false","publisherVersion":"3.25032.10","minimumRequiredApiVersion":"2.2.0","hasComponent":"false","hasUnlockedComponent":"false","isUnifiedRootApp":"false","sienaVersion":"20250321T070708Z-3.25032.10.0"},"properties":{"appVersion":"2025-03-21T07:07:08Z","lifeCycleId":"Published","createdByClientVersion":{"major":3,"minor":25032,"build":10,"revision":0,"majorRevision":0,"minorRevision":0},"minClientVersion":{"major":3,"minor":25032,"build":10,"revision":0,"majorRevision":0,"minorRevision":0},"backgroundColor":"RGBA(0,176,240,1)","backgroundImageUri":"/7372944204581964398/Nf3f04405-ee9d-4eb3-bd64-5b4e69d49843-logoSmallFile","displayName":"Change Impact Assessment Tool - copy","description":"","commitMessage":"","appUris":{"documentUri":{"value":"/7372944204581964398/N21d6f68a-d549-4f6d-908a-4a03852dae12-document.msapp"},"imageUris":[],"additionalUris":[{"isSolutionAware":false,"value":"/7372944204581964398/N741f5d96-f45e-4042-b135-24dcb225a380-identity.json"}]},"createdTime":"0001-01-01T00:00:00Z","lastModifiedTime":"0001-01-01T00:00:00Z","sharedGroupsCount":0,"sharedUsersCount":0,"connectionReferences":{},"databaseReferences":{},"almMode":"Environment","performanceOptimizationEnabled":true,"canConsumeAppPass":false,"enableModernRuntimeMode":false,"executionRestrictions":{"isTeamsOnly":false,"dataLossPreventionEvaluationResult":{"status":"Compliant","lastEvaluationDate":"2025-03-21T07:07:12.2427937Z","violations":[],"violationsByPolicy":[],"violationErrorMessage":"The app uses the following connectors: ."}}},"isAppComponentLibrary":false,"appType":"ClassicCanvasApp","appComponents":[]}}